Artist,Location,lat,lon
"Tyler, The Creator",United States,39.7837304,-100.445882
Estelle,United Kingdom,54.7023545,-3.2765753
PinkPantheress,England,52.5310214,-1.2649062
Travis Scott,United States,39.7837304,-100.445882
Casey Veggies,United States,39.7837304,-100.445882
Kendrick Lamar,United States,39.7837304,-100.445882
Quebonafide,Poland,52.215933,19.134422
Black Eyed Peas,United States,39.7837304,-100.445882
Jerry Lee Lewis,United States,39.7837304,-100.445882
Ray Charles,United States,39.7837304,-100.445882
Little Richard,United States,39.7837304,-100.445882
Elvis Presley,United States,39.7837304,-100.445882
Chuck Berry,United States,39.7837304,-100.445882
Chubby Checker,Malvern,52.1159559,-2.3258985
Danny & The Juniors,United States,39.7837304,-100.445882
Eddie Cochran,United States,39.7837304,-100.445882
The Swinging Blue Jeans,United Kingdom,54.7023545,-3.2765753
Gene Vincent,United States,39.7837304,-100.445882
Bill Haley & His Comets,United States,39.7837304,-100.445882
The Big Bopper,Texas,31.2638905,-98.5456116
Sabrina Carpenter,United States,39.7837304,-100.445882
Metro Boomin,United States,39.7837304,-100.445882
The Weeknd,Canada,61.0666922,-107.991707
A$AP Rocky,United States,39.7837304,-100.445882
Swedish House Mafia,Sweden,59.6749712,14.5208584
Playboi Carti,United States,39.7837304,-100.445882
The Kid LAROI,Australia,-24.7761086,134.755
Kanye West,United Kingdom,54.7023545,-3.2765753
JAY-Z,United States,39.7837304,-100.445882
Offset,United States,39.7837304,-100.445882
JID,United States,39.7837304,-100.445882
SZA,United States,39.7837304,-100.445882
Baby Keem,United States,39.7837304,-100.445882
21 Savage,United States,39.7837304,-100.445882
Lil Uzi Vert,United States,39.7837304,-100.445882
Sheck Wes,United States,39.7837304,-100.445882
Tate McRae,Canada,61.0666922,-107.991707
Charli xcx,England,52.5310214,-1.2649062
Dua Lipa,United Kingdom,54.7023545,-3.2765753
sombr,United States,39.7837304,-100.445882
AVA,United States,39.7837304,-100.445882
ANNA,Germany,51.1638175,10.4478313
Bonus RPK,Warsaw,52.2333742,21.0711489
Terror Jr,United States,39.7837304,-100.445882
Ramones,United States,39.7837304,-100.445882
Rich Amiri,Boston,42.3588336,-71.0578303
Don Toliver,United States,39.7837304,-100.445882
Lithe,Melbourne,-37.8142454,144.9631732
DC The Don,Chino Hills,33.9926803,-117.760056
¥$,United States,39.7837304,-100.445882
Ye,United States,39.7837304,-100.445882
Addison Rae,United States,39.7837304,-100.445882
Billie Eilish,United States,39.7837304,-100.445882
Madison Beer,United States,39.7837304,-100.445882
Kesha,United States,39.7837304,-100.445882
Britney Spears,United States,39.7837304,-100.445882
Tyla,United Kingdom,54.7023545,-3.2765753
Ken Carson,United Kingdom,54.7023545,-3.2765753
Gracie Abrams,United States,39.7837304,-100.445882
Camila Cabello,United States,39.7837304,-100.445882
Ewa Farna,Czechia,49.7439047,15.3381061
Taylor Swift,United States,39.7837304,-100.445882
JVKE,United States,39.7837304,-100.445882
Bruno Mars,United States,39.7837304,-100.445882
Olivia Rodrigo,United States,39.7837304,-100.445882
Rihanna,United States,39.7837304,-100.445882
Tiësto,Netherlands,52.2434979,5.6343227
Troye Sivan,Australia,-24.7761086,134.755
Doja Cat,United States,39.7837304,-100.445882
Ariana Grande,United States,39.7837304,-100.445882
Future,United States,39.7837304,-100.445882
Trippie Redd,United States,39.7837304,-100.445882
Fred again..,United Kingdom,54.7023545,-3.2765753
Oki,Utrecht,52.0907006,5.1215634
club2020,Poland,52.215933,19.134422
Otsochodzi,Poland,52.215933,19.134422
TACONAFIDE,Warsaw,52.2333742,21.0711489
schafter,Poland,52.215933,19.134422
Sobel,Poland,52.215933,19.134422
Mata,Bosnia and Herzegovina,44.3053476,17.5961467
Young Igi,Canada,61.0666922,-107.991707
Kizo,Poland,52.215933,19.134422
Chivas,Poland,52.215933,19.134422
MIÜ,Germany,51.1638175,10.4478313
Young Leosia,Canada,61.0666922,-107.991707
Kacperczyk,Poland,52.215933,19.134422
Taco Hemingway,Warsaw,52.2333742,21.0711489
Szpaku,Poland,52.215933,19.134422
Hubert.,France,46.603354,1.8883335
bambi,Argentina,-34.9964963,-64.9672817
Żabson,Poland,52.215933,19.134422
Guzior,Poland,52.215933,19.134422
Kaz Bałagane,Poland,52.215933,19.134422
Bungee,Uruguay,-32.8755548,-56.0201525
MODELKI,Poland,52.215933,19.134422
2115,Poland,52.215933,19.134422
Pezet,Poland,52.215933,19.134422
Disco Lines,United States,39.7837304,-100.445882
The Cure,United Kingdom,54.7023545,-3.2765753
Mac Miller,United Kingdom,54.7023545,-3.2765753
wifiskeleton,United States,39.7837304,-100.445882
Michael Jackson,United States,39.7837304,-100.445882
Tame Impala,Australia,-24.7761086,134.755
Kali Uchis,United States,39.7837304,-100.445882
French Montana,United States,39.7837304,-100.445882
Drake,Canada,61.0666922,-107.991707
Gorillaz,England,52.5310214,-1.2649062
J. Cole,United Kingdom,54.7023545,-3.2765753
Hotel Ugly,United States,39.7837304,-100.445882
Labrinth,United Kingdom,54.7023545,-3.2765753
Childish Gambino,United States,39.7837304,-100.445882
Frank Ocean,United States,39.7837304,-100.445882
The Neighbourhood,United Kingdom,54.7023545,-3.2765753
Beach Weather,United States,39.7837304,-100.445882
Skee-Lo,Los Angeles,34.0536909,-118.242766
d4vd,United States,39.7837304,-100.445882
Outkast,United States,39.7837304,-100.445882
Pitbull,United States,39.7837304,-100.445882
Beyoncé,United States,39.7837304,-100.445882
Gesaffelstein,France,46.603354,1.8883335
Maroon 5,United States,39.7837304,-100.445882
USHER,United States,39.7837304,-100.445882
Tory Lanez,Canada,61.0666922,-107.991707
Dave,United States,39.7837304,-100.445882
Lady Gaga,United States,39.7837304,-100.445882
Zara Larsson,Sweden,59.6749712,14.5208584
Eminem,United States,39.7837304,-100.445882
Cardi B,United States,39.7837304,-100.445882
Nelly Furtado,Canada,61.0666922,-107.991707
Chase Atlantic,Australia,-24.7761086,134.755
RAYE,United Kingdom,54.7023545,-3.2765753
Artemas,United Kingdom,54.7023545,-3.2765753
Elley Duhé,United States,39.7837304,-100.445882
G-Eazy,United States,39.7837304,-100.445882
NIKOŚ,New Zealand,-41.5000831,172.8344077
bbno$,Canada,61.0666922,-107.991707
ian,United Kingdom,54.7023545,-3.2765753
BigXthaPlug,Dallas,32.7762719,-96.7968559
Yeat,United States,39.7837304,-100.445882
Fukaj,Szczecin,53.4301818,14.5509623
BSK,Neuwied,50.4302393,7.466302
Deemz,Poland,52.215933,19.134422
PRO8L3M,Poland,52.215933,19.134422
Bedoes 2115,Poland,52.215933,19.134422
po prostu Kajtek,Poland,52.215933,19.134422
Roxie,Poland,52.215933,19.134422
Malik Montana,Poland,52.215933,19.134422
Kinny Zimmer,United States,39.7837304,-100.445882
Young Multi,Canada,61.0666922,-107.991707
Fast Life Sharky,Poland,52.215933,19.134422
Jacuś,Poland,52.215933,19.134422
fun.,Italy,42.6384261,12.674297
Portugal. The Man,United States,39.7837304,-100.445882
Macklemore & Ryan Lewis,United States,39.7837304,-100.445882
Elle King,United States,39.7837304,-100.445882
John Newman,United States,39.7837304,-100.445882
Gotye,Australia,-24.7761086,134.755
Hozier,Ireland,52.865196,-7.9794599
Coldplay,United Kingdom,54.7023545,-3.2765753
Green Day,United States,39.7837304,-100.445882
Flo Rida,United States,39.7837304,-100.445882
Icona Pop,Sweden,59.6749712,14.5208584
Foster The People,United States,39.7837304,-100.445882
Lorde,New Zealand,-41.5000831,172.8344077
Clean Bandit,United Kingdom,54.7023545,-3.2765753
Calvin Harris,Scotland,56.7861112,-4.1140518
Kings of Leon,United States,39.7837304,-100.445882
Myslovitz,Poland,52.215933,19.134422
Lady Pank,Poland,52.215933,19.134422
Happysad,Poland,52.215933,19.134422
Elektryczne Gitary,Poland,52.215933,19.134422
Wilki,Poland,52.215933,19.134422
Marek Grechuta,Poland,52.215933,19.134422
Vance Joy,Australia,-24.7761086,134.755
The Goo Goo Dolls,United States,39.7837304,-100.445882
Red Hot Chili Peppers,United States,39.7837304,-100.445882
MARINA,Wales,52.2928116,-3.73893
Muse,United Kingdom,54.7023545,-3.2765753
Brent Faiyaz,United States,39.7837304,-100.445882
Jay Rock,United States,39.7837304,-100.445882
King Geedorah,United States,39.7837304,-100.445882
Aaron May,United States,39.7837304,-100.445882
GoldLink,United States,39.7837304,-100.445882
Isaiah Rashad,United States,39.7837304,-100.445882
Westside Gunn,Buffalo,42.8864163,-78.8781493
Steve Lacy,United States,39.7837304,-100.445882
MF DOOM,United States,39.7837304,-100.445882
Diplo,United States,39.7837304,-100.445882
Post Malone,United States,39.7837304,-100.445882
Ekipa,Poland,52.215933,19.134422
rów babicze,Poland,52.215933,19.134422
Arctic Monkeys,United Kingdom,54.7023545,-3.2765753
Twenty One Pilots,United States,39.7837304,-100.445882
Henry Morris,United Kingdom,54.7023545,-3.2765753
Joji,United States,39.7837304,-100.445882
Montell Fish,United States,39.7837304,-100.445882
Zdechły Osa,Poland,52.215933,19.134422
Asal,Canada,61.0666922,-107.991707
Lily Allen,United Kingdom,54.7023545,-3.2765753
HEALTH,United States,39.7837304,-100.445882
Cigarettes After Sex,United States,39.7837304,-100.445882
Rome Evers,Germany,51.1638175,10.4478313
Słoń,Poland,52.215933,19.134422
Dj Remo,Switzerland,46.7985624,8.2319736
piwko_nie_mozna,Japan,36.5748441,139.2394179
The Notorious B.I.G.,United States,39.7837304,-100.445882
Wiz Khalifa,United States,39.7837304,-100.445882
Kid Cudi,United States,39.7837304,-100.445882
2Pac,United States,39.7837304,-100.445882
Paul Wall,United Kingdom,54.7023545,-3.2765753
Lil Wayne,United States,39.7837304,-100.445882
Justin Timberlake,United States,39.7837304,-100.445882
Shakira,Colombia,4.099917,-72.9088133
Fleetwood Mac,United Kingdom,54.7023545,-3.2765753
Rick James,Germany,51.1638175,10.4478313
Chief Keef,United States,39.7837304,-100.445882
Le Tigre,United States,39.7837304,-100.445882
Kylie Minogue,Australia,-24.7761086,134.755
System Of A Down,United States,39.7837304,-100.445882
Eurythmics,United Kingdom,54.7023545,-3.2765753
Modjo,France,46.603354,1.8883335
Nirvana,United States,39.7837304,-100.445882
MGMT,United States,39.7837304,-100.445882
Depeche Mode,United Kingdom,54.7023545,-3.2765753
Talking Heads,United States,39.7837304,-100.445882
Blur,United Kingdom,54.7023545,-3.2765753
Gnarls Barkley,United States,39.7837304,-100.445882
Empire Of The Sun,Australia,-24.7761086,134.755
Franz Ferdinand,Austria,47.59397,14.12456
The Smiths,United Kingdom,54.7023545,-3.2765753
bôa,South Korea,36.638392,127.6961188
Slipknot,United States,39.7837304,-100.445882
Santigold,United States,39.7837304,-100.445882
Massive Attack,United Kingdom,54.7023545,-3.2765753
Frankie Valli,United States,39.7837304,-100.445882
The Ronettes,United Kingdom,54.7023545,-3.2765753
The Mamas & The Papas,United States,39.7837304,-100.445882
The Police,United Kingdom,54.7023545,-3.2765753
ABBA,Sweden,59.6749712,14.5208584
Amy Winehouse,United Kingdom,54.7023545,-3.2765753
Billy Joel,United States,39.7837304,-100.445882
Sade,United Kingdom,54.7023545,-3.2765753
Ben E. King,United States,39.7837304,-100.445882
"Earth, Wind & Fire",United States,39.7837304,-100.445882
Tears For Fears,United Kingdom,54.7023545,-3.2765753
KISS,United States,39.7837304,-100.445882
Daryl Hall & John Oates,United States,39.7837304,-100.445882
Frank Sinatra,United States,39.7837304,-100.445882
Queen,United Kingdom,54.7023545,-3.2765753
Ritchie Valens,United States,39.7837304,-100.445882
The Stranglers,United Kingdom,54.7023545,-3.2765753
Bobby Darin,United States,39.7837304,-100.445882
The Animals,United Kingdom,54.7023545,-3.2765753
Bob Dylan,United States,39.7837304,-100.445882
Gloria Gaynor,United States,39.7837304,-100.445882
The Foundations,United Kingdom,54.7023545,-3.2765753
The Flamingos,United Kingdom,54.7023545,-3.2765753
"Grover Washington, Jr.",United States,39.7837304,-100.445882
Elton John,United Kingdom,54.7023545,-3.2765753
Marvin Gaye,United States,39.7837304,-100.445882
Kaśka Sochacka,Poland,52.215933,19.134422
Pharrell Williams,United States,39.7837304,-100.445882
Kali,United States,39.7837304,-100.445882
Kubi Producent,Poland,52.215933,19.134422
a-ha,Norway,61.1529386,8.7876653
Boney M.,Germany,51.1638175,10.4478313
The Skyliners,United Kingdom,54.7023545,-3.2765753
Passions,United Kingdom,54.7023545,-3.2765753
The Penguins,United Kingdom,54.7023545,-3.2765753
Jimmy Clanton,United States,39.7837304,-100.445882
The Del-Vikings,United States,39.7837304,-100.445882
Rosie & The Originals,United States,39.7837304,-100.445882
The Mystics,United Kingdom,54.7023545,-3.2765753
Dion & The Belmonts,United States,39.7837304,-100.445882
The Danleers,United Kingdom,54.7023545,-3.2765753
Djo,United States,39.7837304,-100.445882
James Newton Howard,United States,39.7837304,-100.445882
,United States,39.7837304,-100.445882
Lana Del Rey,United States,39.7837304,-100.445882
Katy Perry,United States,39.7837304,-100.445882
Kronkel Dom,Germany,51.1638175,10.4478313
Ed Sheeran,United Kingdom,54.7023545,-3.2765753
Alan Walker,United States,39.7837304,-100.445882
K-391,Norway,61.1529386,8.7876653
Dynoro,Lithuania,55.3500003,23.7499997
Jonas Blue,United Kingdom,54.7023545,-3.2765753
Skillet,United States,39.7837304,-100.445882
James Arthur,United Kingdom,54.7023545,-3.2765753
Imagine Dragons,United States,39.7837304,-100.445882
DJ Khaled,Algeria,28.0000272,2.9999825
Kygo,Norway,61.1529386,8.7876653
Jacob Lee,United States,39.7837304,-100.445882
OMI,Jamaica,18.1850507,-77.3947693
Adelitas Way,United States,39.7837304,-100.445882
Sia,Australia,-24.7761086,134.755
Rev Theory,United States,39.7837304,-100.445882
Unknown Brain,[Worldwide],-33.8938107,151.2621478
TRU Concept,Birmingham,52.4796992,-1.9026911
Adi Nowak,Poland,52.215933,19.134422
Młodszy Joe,United Kingdom,54.7023545,-3.2765753
Peja,Poland,52.215933,19.134422
Vigiland,Västervik,57.7594186,16.6385035
Martin Solveig,France,46.603354,1.8883335
Dennis Lloyd,United Kingdom,54.7023545,-3.2765753
Ava Max,United States,39.7837304,-100.445882
DJ Snake,France,46.603354,1.8883335
Ellie Goulding,United Kingdom,54.7023545,-3.2765753
Tyga,United States,39.7837304,-100.445882
Bad Bunny,Puerto Rico,18.2247706,-66.4858295
Panic! At The Disco,United States,39.7837304,-100.445882
Little Mix,England,52.5310214,-1.2649062
Marshmello,United States,39.7837304,-100.445882
A Boogie Wit da Hoodie,United States,39.7837304,-100.445882
Halsey,United States,39.7837304,-100.445882
5 Seconds of Summer,Australia,-24.7761086,134.755
Gucci Mane,United States,39.7837304,-100.445882
Juice WRLD,United States,39.7837304,-100.445882
XXXTENTACION,United States,39.7837304,-100.445882
Silk City,Czechia,49.7439047,15.3381061
Dawid Podsiadło,Poland,52.215933,19.134422
Dean Lewis,United States,39.7837304,-100.445882
Bebe Rexha,United States,39.7837304,-100.445882
The Chainsmokers,United Kingdom,54.7023545,-3.2765753
Avicii,Sweden,59.6749712,14.5208584
Anne-Marie,United Kingdom,54.7023545,-3.2765753
Bazzi,United States,39.7837304,-100.445882
Lauv,United States,39.7837304,-100.445882
Khalid,United States,39.7837304,-100.445882
Zedd,Germany,51.1638175,10.4478313
Rudimental,United Kingdom,54.7023545,-3.2765753
Lil Dicky,United States,39.7837304,-100.445882
Tymek,Poland,52.215933,19.134422
Ray Dalton,United States,39.7837304,-100.445882
Kuban,Poland,52.215933,19.134422
Popkiller Młode Wilki,Poland,52.215933,19.134422
David Guetta,France,46.603354,1.8883335
Rita Ora,United Kingdom,54.7023545,-3.2765753
Rag'n'Bone Man,London,51.5074456,-0.1277653
Ganja Mafia,Kraków,50.0619474,19.9368564
Siles,Poland,52.215933,19.134422
Linkin Park,United States,39.7837304,-100.445882
Migos,United States,39.7837304,-100.445882
King Princess,United States,39.7837304,-100.445882
Dycha,Poland,52.215933,19.134422
Lost Kings,United Kingdom,54.7023545,-3.2765753
Le Youth,United States,39.7837304,-100.445882
Don Diablo,Netherlands,52.2434979,5.6343227
Hailee Steinfeld,United States,39.7837304,-100.445882
Lil Nas X,United States,39.7837304,-100.445882
Sokół,Poland,52.215933,19.134422
Ufo361,Germany,51.1638175,10.4478313
Thaiboy Digital,Thailand,14.8971921,100.83273
TEDE,Poland,52.215933,19.134422
ReTo,Poland,52.215933,19.134422
chillwagon,Poland,52.215933,19.134422
KYLE,United States,39.7837304,-100.445882
Rae Sremmurd,United States,39.7837304,-100.445882
6ix9ine,United States,39.7837304,-100.445882
Bass Santana Archives,United States,39.7837304,-100.445882
88rising,United States,39.7837304,-100.445882
YG,United States,39.7837304,-100.445882
Lil Yachty,United States,39.7837304,-100.445882
VIC MENSA,United States,39.7837304,-100.445882
EyeOnEyez,United States,39.7837304,-100.445882
BlocBoy JB,United States,39.7837304,-100.445882
Rich The Kid,United States,39.7837304,-100.445882
Quality Control,Atlanta,33.7544657,-84.3898151
Flipp Dinero,United States,39.7837304,-100.445882
Logic,United States,39.7837304,-100.445882
2 Chainz,United States,39.7837304,-100.445882
Blacha 2115,Poland,52.215933,19.134422
Normani,United States,39.7837304,-100.445882
Sigala,United Kingdom,54.7023545,-3.2765753
El Profesor,Spain,39.3260685,-4.8379791
Blueface,United States,39.7837304,-100.445882
J Nanks,United Kingdom,54.7023545,-3.2765753
Hippie Sabotage,United States,39.7837304,-100.445882
Dbangz,Phoenix,33.4484367,-112.074141
Lil Skies,United States,39.7837304,-100.445882
Shawn Mendes,Canada,61.0666922,-107.991707
Lil Pump,United States,39.7837304,-100.445882
NAV,Canada,61.0666922,-107.991707
Lil Mosey,United States,39.7837304,-100.445882
Fetty Wap,United States,39.7837304,-100.445882
Lil Xan,United States,39.7837304,-100.445882
Sik World,Tempe,33.4255117,-111.940016
mike.,United Kingdom,54.7023545,-3.2765753
White 2115,Poland,52.215933,19.134422
DaBaby,United States,39.7837304,-100.445882
Kabe,Poland,52.215933,19.134422
Zeamsone,Poland,52.215933,19.134422
2K,India,22.3511148,78.6677428
Mlodyskiny,Poland,52.215933,19.134422
Kamerzysta,Poland,52.215933,19.134422
Kodak Black,United States,39.7837304,-100.445882
Mustard,United States,39.7837304,-100.445882
Kukon,Poland,52.215933,19.134422
Ashley O,United States,39.7837304,-100.445882
mgk,United States,39.7837304,-100.445882
Sam Feldt,Netherlands,52.2434979,5.6343227
Lizzo,United States,39.7837304,-100.445882
Jonas Brothers,United States,39.7837304,-100.445882
Lewis Capaldi,United Kingdom,54.7023545,-3.2765753
Ali Gatie,Canada,61.0666922,-107.991707
Blanco Brown,United States,39.7837304,-100.445882
Mark Ronson,United Kingdom,54.7023545,-3.2765753
Chris Brown,United States,39.7837304,-100.445882
Martin Garrix,Netherlands,52.2434979,5.6343227
Mabel,England,52.5310214,-1.2649062
OneRepublic,United States,39.7837304,-100.445882
Y2K,United States,39.7837304,-100.445882
J Balvin,Colombia,4.099917,-72.9088133
R3HAB,Netherlands,52.2434979,5.6343227
Kyle Dixon & Michael Stein,United States,39.7837304,-100.445882
Jefferson Airplane,United States,39.7837304,-100.445882
The Clash,United Kingdom,54.7023545,-3.2765753
Ray Parker Jr.,United States,39.7837304,-100.445882
TOTO,United States,39.7837304,-100.445882
The Seeds,United Kingdom,54.7023545,-3.2765753
Corey Hart,Canada,61.0666922,-107.991707
Cyndi Lauper,United States,39.7837304,-100.445882
Olivia Newton-John,Australia,-24.7761086,134.755
The Psychedelic Furs,United Kingdom,54.7023545,-3.2765753
Duran Duran,United Kingdom,54.7023545,-3.2765753
Echo & the Bunnymen,United Kingdom,54.7023545,-3.2765753
Scorpions,Germany,51.1638175,10.4478313
Pearls Before Swine,United States,39.7837304,-100.445882
Trader Horne,United Kingdom,54.7023545,-3.2765753
Space Knife,Sweden,59.6749712,14.5208584
Moby,United States,39.7837304,-100.445882
Tangerine Dream,Germany,51.1638175,10.4478313
Brotherhood of Man,United Kingdom,54.7023545,-3.2765753
Gaten Matarazzo,United States,39.7837304,-100.445882
Foreigner,United States,39.7837304,-100.445882
Teena Marie,United States,39.7837304,-100.445882
The Cars,United Kingdom,54.7023545,-3.2765753
Patsy Cline,United States,39.7837304,-100.445882
Howard Jones,United Kingdom,54.7023545,-3.2765753
Vera Lynn,United Kingdom,54.7023545,-3.2765753
The Pointer Sisters,United States,39.7837304,-100.445882
Huey Lewis & The News,United States,39.7837304,-100.445882
"""Weird Al"" Yankovic",United States,39.7837304,-100.445882
REO Speedwagon,United States,39.7837304,-100.445882
Madonna,United States,39.7837304,-100.445882
Wham!,United Kingdom,54.7023545,-3.2765753
The Who,United Kingdom,54.7023545,-3.2765753
John Mellencamp,United States,39.7837304,-100.445882
Shalamar,United States,39.7837304,-100.445882
Deniece Williams,United States,39.7837304,-100.445882
Thompson Twins,United Kingdom,54.7023545,-3.2765753
The Jacksons,United States,39.7837304,-100.445882
Mel & Kim,United Kingdom,54.7023545,-3.2765753
Belinda Carlisle,United States,39.7837304,-100.445882
Go West,United Kingdom,54.7023545,-3.2765753
Bryce Vine,United States,39.7837304,-100.445882
Miley Cyrus,United States,39.7837304,-100.445882
Daddy Yankee,Puerto Rico,18.2247706,-66.4858295
MEDUZA,Sweden,59.6749712,14.5208584
Lil Tecca,United States,39.7837304,-100.445882
Alesso,Sweden,59.6749712,14.5208584
iann dior,United States,39.7837304,-100.445882
Gedz,Poland,52.215933,19.134422
Wac Toja,Poland,52.215933,19.134422
NF,United States,39.7837304,-100.445882
Jan-Rapowanie,Poland,52.215933,19.134422
Beka KSH,Koluszki,51.7444956,19.817966
be vis,United States,39.7837304,-100.445882
Sarius,Częstochowa,50.8120466,19.113213
PlanBe,Poland,52.215933,19.134422
Kartky,Poland,52.215933,19.134422
Sam Smith,United Kingdom,54.7023545,-3.2765753
Blue Ivy,United States,39.7837304,-100.445882
Jeremy Zucker,United States,39.7837304,-100.445882
Filipek,Poland,52.215933,19.134422
Avi,Israel,30.8124247,34.8594762
Białas,Poland,52.215933,19.134422
Paluch,Poland,52.215933,19.134422
Beteo,Poland,52.215933,19.134422
Mr. Polska,Netherlands,52.2434979,5.6343227
B.R.O,Denmark,55.670249,10.3333283
ScHoolboy Q,Los Angeles,34.0536909,-118.242766
Kubańczyk,Poland,52.215933,19.134422
BTS,South Korea,36.638392,127.6961188
Young Slash,Canada,61.0666922,-107.991707
Tones And I,Australia,-24.7761086,134.755
Megan Thee Stallion,United States,39.7837304,-100.445882
Smokepurpp,Miami,25.7741566,-80.1935973
Cordae,United States,39.7837304,-100.445882
Jaden,United States,39.7837304,-100.445882
Scarlxrd,United Kingdom,54.7023545,-3.2765753
A$AP Ferg,United States,39.7837304,-100.445882
Famous Dex,Chicago,41.8755616,-87.6244212
YBN Nahmir,United States,39.7837304,-100.445882
Mike WiLL Made-It,United States,39.7837304,-100.445882
Young Thug,Canada,61.0666922,-107.991707
Meek Mill,United States,39.7837304,-100.445882
Benjamin Wallfisch,United Kingdom,54.7023545,-3.2765753
Ski Mask The Slump God,United States,39.7837304,-100.445882
Trill Pem,Poland,52.215933,19.134422
Regard,New York,40.7127281,-74.0060152
Charlie Puth,United States,39.7837304,-100.445882
Major Lazer,Jamaica,18.1850507,-77.3947693
benny blanco,United States,39.7837304,-100.445882
ILLENIUM,United States,39.7837304,-100.445882
Alec Benjamin,United Kingdom,54.7023545,-3.2765753
Jorja Smith,United Kingdom,54.7023545,-3.2765753
Dermot Kennedy,Ireland,52.865196,-7.9794599
ROSALÍA,Spain,39.3260685,-4.8379791
Denzel Curry,United States,39.7837304,-100.445882
Comethazine,United States,39.7837304,-100.445882
Takeoff,Atlanta,33.7544657,-84.3898151
$uicideboy$,United States,39.7837304,-100.445882
Salvatore Ganacci,Sweden,59.6749712,14.5208584
Cesqeaux,Netherlands,52.2434979,5.6343227
Bhad Bhabie,United States,39.7837304,-100.445882
Polo G,Germany,51.1638175,10.4478313
Lil Baby,United States,39.7837304,-100.445882
Lil Gnar,United States,39.7837304,-100.445882
88GLAM,Canada,61.0666922,-107.991707
YNW Melly,United States,39.7837304,-100.445882
GASHI,United States,39.7837304,-100.445882
Tee Grizzley,Detroit,42.3315509,-83.0466403
Saweetie,United States,39.7837304,-100.445882
BONES,United States,39.7837304,-100.445882
Bass Santana,United States,39.7837304,-100.445882
Flo Milli,Los Angeles,34.0536909,-118.242766
Tay-K,United Kingdom,54.7023545,-3.2765753
Yung Gravy,United States,39.7837304,-100.445882
Nicki Minaj,United States,39.7837304,-100.445882
Freddie Dredd,Canada,61.0666922,-107.991707
Jeremy Kingg,United States,39.7837304,-100.445882
$NOT,United States,39.7837304,-100.445882
Soudiere,France,46.603354,1.8883335
Slim Slater,United Kingdom,54.7023545,-3.2765753
Matt OX,United States,39.7837304,-100.445882
Huncho Jack,United States,39.7837304,-100.445882
Chance the Rapper,United States,39.7837304,-100.445882
Freddie Gibbs,United States,39.7837304,-100.445882
Rex Orange County,England,52.5310214,-1.2649062
Wiki,United States,39.7837304,-100.445882
Lil Playdough,United States,39.7837304,-100.445882
Free Nationals,United Kingdom,54.7023545,-3.2765753
bLAck pARty,United Kingdom,54.7023545,-3.2765753
Jack Harlow,United States,39.7837304,-100.445882
Pusha T,United States,39.7837304,-100.445882
Feign,Sanford,35.4798757,-79.1802994
Lars Vaular,Norway,61.1529386,8.7876653
Common,United States,39.7837304,-100.445882
Yo Gotti,United States,39.7837304,-100.445882
Aminé,United States,39.7837304,-100.445882
Joyner Lucas,United States,39.7837304,-100.445882
Calboy,United States,39.7837304,-100.445882
Quavo,United States,39.7837304,-100.445882
NLE Choppa,United States,39.7837304,-100.445882
Lanek,Poland,52.215933,19.134422
Młody Yerba,Poland,52.215933,19.134422
Major SPZ,Poland,52.215933,19.134422
Belmondo,Hungary,47.1817585,19.5060937
Raz Dwa Trzy,Poland,52.215933,19.134422
Gang Starr,United States,39.7837304,-100.445882
K CAMP,United Kingdom,54.7023545,-3.2765753
Big Sean,United States,39.7837304,-100.445882
WESTSIDE BOOGIE,United States,39.7837304,-100.445882
24kGoldn,United States,39.7837304,-100.445882
YK Osiris,Jacksonville,30.3321838,-81.655651
Ty Dolla $ign,United States,39.7837304,-100.445882
Jasiah,United States,39.7837304,-100.445882
Fabolous,United States,39.7837304,-100.445882
Why Don't We,United States,39.7837304,-100.445882
Vl Deck,Atlanta,33.7544657,-84.3898151
KIDS SEE GHOSTS,United States,39.7837304,-100.445882
Princ£ Aureliu$,Serbia,44.0243229,21.0765743
Pistola,United States,39.7837304,-100.445882
Yung Kayo,United States,39.7837304,-100.445882
Dinos,France,46.603354,1.8883335
Bas,United States,39.7837304,-100.445882
Pimp Flaco,Spain,39.3260685,-4.8379791
BlackMayo,United States,39.7837304,-100.445882
BROCKHAMPTON,United States,39.7837304,-100.445882
Rejjie Snow,Ireland,52.865196,-7.9794599
F430,Corbeil-Essonnes,48.6137734,2.4818087
Artigeardit,Denmark,55.670249,10.3333283
Sidoka,Brazil,-10.3333333,-53.2
Ghostemane,United States,39.7837304,-100.445882
Josman,France,46.603354,1.8883335
Stacy Money,United States,39.7837304,-100.445882
RetcH,United States,39.7837304,-100.445882
Strick,United States,39.7837304,-100.445882
Hamza,Belgium,50.6402809,4.6667145
Muney Mook,United States,39.7837304,-100.445882
Pi’erre Bourne,United States,39.7837304,-100.445882
SAINt JHN,Guyana,4.8417097,-58.6416891
Vince Staples,United States,39.7837304,-100.445882
$kar,Slovakia,48.7411522,19.4528646
Joey Bada$$,United States,39.7837304,-100.445882
MDMA,Indiana,40.3270127,-86.1746933
Lucki,United States,39.7837304,-100.445882
JACKBOYS,United States,39.7837304,-100.445882
OBOY,Paris,48.8534951,2.3483915
Ethereal,Atlanta,33.7544657,-84.3898151
Young Deji,Canada,61.0666922,-107.991707
Reverb King,United States,39.7837304,-100.445882
Tyler,United Kingdom,54.7023545,-3.2765753
Zaytoven,Atlanta,33.7544657,-84.3898151
KazOnDaBeat,Berlin,52.5173885,13.3951309
03 Greedo,United States,39.7837304,-100.445882
D. Savage,United States,39.7837304,-100.445882
Lil Mozart,Austria,47.59397,14.12456
Lancey Foux,United Kingdom,54.7023545,-3.2765753
AJ Tracey,Ladbroke Grove,51.5172639,-0.2111019
Michael Bates,United States,39.7837304,-100.445882
Young Pink,England,52.5310214,-1.2649062
New Air Club,United Kingdom,54.7023545,-3.2765753
House of Pharaohs,London,51.5074456,-0.1277653
Sunday Service Choir,United States,39.7837304,-100.445882
EARTHGANG,United States,39.7837304,-100.445882
Godfather of Harlem,United States,39.7837304,-100.445882
J Hus,United Kingdom,54.7023545,-3.2765753
Lil Kex,United States,39.7837304,-100.445882
RIN,Japan,36.5748441,139.2394179
Brodinski,France,46.603354,1.8883335
FKJ,France,46.603354,1.8883335
Beast Coast,Brooklyn,40.6526006,-73.9497211
MadeinTYO,United States,39.7837304,-100.445882
Gunna,United States,39.7837304,-100.445882
LUCKI,United States,39.7837304,-100.445882
Flatbush Zombies,United States,39.7837304,-100.445882
Octavian,London,51.5074456,-0.1277653
Ameer Vann,United States,39.7837304,-100.445882
NGHTMRE,United States,39.7837304,-100.445882
Peewee Longway,United States,39.7837304,-100.445882
YoungBoy Never Broke Again,United States,39.7837304,-100.445882
Lord Lu C N,Kyïv,50.4500336,30.5241361
Guapdad 4000,United States,39.7837304,-100.445882
A$AP Mob,United States,39.7837304,-100.445882
IDK,United States,39.7837304,-100.445882
Fuego,United States,39.7837304,-100.445882
A$AP Twelvyy,United States,39.7837304,-100.445882
Eli Sostre,Brooklyn,40.6526006,-73.9497211
Laylow,France,46.603354,1.8883335
Pop Smoke,United States,39.7837304,-100.445882
Pa Salieu,Coventry,52.4081812,-1.510477
Craig Xen,United States,39.7837304,-100.445882
KILLY,Toronto,43.6534817,-79.3839347
Buddy,United States,39.7837304,-100.445882
Lil Keed,United States,39.7837304,-100.445882
Wifisfuneral,United States,39.7837304,-100.445882
Jason Garcia,United States,39.7837304,-100.445882
KAYTRANADA,Canada,61.0666922,-107.991707
Slim Santana,United States,39.7837304,-100.445882
reezy,Germany,51.1638175,10.4478313
SWAVAY,United States,39.7837304,-100.445882
Azizi Gibson,United States,39.7837304,-100.445882
Night Lovell,Ottawa,45.4208777,-75.6901106
Dreamville,United States,39.7837304,-100.445882
BHZ,Berlin,52.5173885,13.3951309
Kenny Mason,United States,39.7837304,-100.445882
Caleborate,United States,39.7837304,-100.445882
TrigNO,United States,39.7837304,-100.445882
Smino,St. Louis,38.6280278,-90.1910154
MC Kevin o Chris,Brazil,-10.3333333,-53.2
Derek King,United States,39.7837304,-100.445882
Yung Bans,United States,39.7837304,-100.445882
MC Igu,Brazil,-10.3333333,-53.2
LIL KEYY,United States,39.7837304,-100.445882
Pardison Fontaine,Newburgh,41.503557,-74.0243916
Pashanim,Germany,51.1638175,10.4478313
Ugly God,United States,39.7837304,-100.445882
Kodie Shane,Atlanta,33.7544657,-84.3898151
Azzi Memo,Hanau,50.132881,8.9169797
070 Shake,United States,39.7837304,-100.445882
ALLBLACK,California,36.7014631,-118.755997
Jay Whiss,United States,39.7837304,-100.445882
KnowKnow,Chengdu,30.659867,104.063315
Yella Beezy,Oak Cliff,32.724055,-96.8567152
Lil Mexico,United States,39.7837304,-100.445882
Roy Woods,United States,39.7837304,-100.445882
Dilip,United States,39.7837304,-100.445882
Jay Critch,New York,40.7127281,-74.0060152
Kidd Keo,Spain,39.3260685,-4.8379791
Lord Simmy,Kyïv,50.4500336,30.5241361
SiR,United Kingdom,54.7023545,-3.2765753
Method,United States,39.7837304,-100.445882
XLG OFFICIAL,Japan,36.5748441,139.2394179
Moneybagg Yo,United States,39.7837304,-100.445882
BEAM,Germany,51.1638175,10.4478313
Sam Wise,United States,39.7837304,-100.445882
NEZ,Türkiye,39.294076,35.2316631
Cypis & Kaczmi & Popek,United States,39.7837304,-100.445882
Deys,Poland,52.215933,19.134422
Lucio101,Germany,51.1638175,10.4478313
Pyrex,Italy,42.6384261,12.674297
Shoreline Mafia,United States,39.7837304,-100.445882
Tyla Yaweh,United States,39.7837304,-100.445882
Roddy Ricch,United States,39.7837304,-100.445882
Massaka,Berlin,52.5173885,13.3951309
22Gz,United States,39.7837304,-100.445882
T.R.U.,New Orleans,29.9559145,-90.0730259
Ben Reilly,United States,39.7837304,-100.445882
Grady Glozart,United States,39.7837304,-100.445882
Marco XO,United States,39.7837304,-100.445882
Deko,Atlanta,33.7544657,-84.3898151
Ayo & Teo,Ann Arbor,42.2813722,-83.7484616
Dan + Shay,United States,39.7837304,-100.445882
Noah Cyrus,United States,39.7837304,-100.445882
C. Tangana,Spain,39.3260685,-4.8379791
anders,Austria,47.59397,14.12456
H.E.R.,United States,39.7837304,-100.445882
HYPBOi ; CHE,Germany,51.1638175,10.4478313
SB Maffija,Warsaw,52.2333742,21.0711489
Popek,France,46.603354,1.8883335
Ronnie Ferrari,United States,39.7837304,-100.445882
Borixon,Poland,52.215933,19.134422
FACE,United States,39.7837304,-100.445882
Pouya,United States,39.7837304,-100.445882
JHAYCO,Puerto Rico,18.2247706,-66.4858295
DY Krazy,United States,39.7837304,-100.445882
Young Roc,Canada,61.0666922,-107.991707
Skrillex,United States,39.7837304,-100.445882
Creepa,Sacramento,38.5810606,-121.493895
City Girls,United States,39.7837304,-100.445882
SOB X RBE,United States,39.7837304,-100.445882
Rico Nasty,United States,39.7837304,-100.445882
Cuban Doll,United States,39.7837304,-100.445882
D-Block Europe,Sweden,59.6749712,14.5208584
Ashnikko,United States,39.7837304,-100.445882
Anto,United Kingdom,54.7023545,-3.2765753
na$karmoney,United States,39.7837304,-100.445882
WiFiGawd,United States,39.7837304,-100.445882
Black Fortune,United Kingdom,54.7023545,-3.2765753
Trevor Daniel,Canada,61.0666922,-107.991707
THE SCOTTS,United Kingdom,54.7023545,-3.2765753
Molchat Doma,Belarus,53.4250605,27.6971358
Arizona Zervas,United States,39.7837304,-100.445882
Topic,Germany,51.1638175,10.4478313
Alexander 23,Austria,47.59397,14.12456
Justin Bieber,Canada,61.0666922,-107.991707
Sam Fischer,United States,39.7837304,-100.445882
Powfu,Canada,61.0666922,-107.991707
Surfaces,United States,39.7837304,-100.445882
Zoe Wees,Germany,51.1638175,10.4478313
BENEE,New Zealand,-41.5000831,172.8344077
Melanie Martinez,United States,39.7837304,-100.445882
Surf Mesa,United States,39.7837304,-100.445882
Harry Styles,United States,39.7837304,-100.445882
Sleepy Hallow,United States,39.7837304,-100.445882
Odd Future,United States,39.7837304,-100.445882
Snoop Dogg,United States,39.7837304,-100.445882
Lil Peep,United States,39.7837304,-100.445882
Selena Gomez,United States,39.7837304,-100.445882
Rich Brian,United Kingdom,54.7023545,-3.2765753
6LACK,United States,39.7837304,-100.445882
Oliver Tree,United Kingdom,54.7023545,-3.2765753
Paris Shadows,United Kingdom,54.7023545,-3.2765753
Swae Lee,United States,39.7837304,-100.445882
Fat Joe,United States,39.7837304,-100.445882
Ouse,Iceland,64.9841821,-18.1059013
Global Dan,United States,39.7837304,-100.445882
Yourmomlikesmymusic,United States,39.7837304,-100.445882
OJ Da Juiceman,United States,39.7837304,-100.445882
Alan,United States,39.7837304,-100.445882
Earl Sweatshirt,Santa Monica,34.0194704,-118.491227
Aries,United States,39.7837304,-100.445882
Kota the Friend,United States,39.7837304,-100.445882
Mura Masa,United Kingdom,54.7023545,-3.2765753
PnB Rock,United States,39.7837304,-100.445882
Lil Kanto Noir,United States,39.7837304,-100.445882
Kodie Osborne,United States,39.7837304,-100.445882
Rush Tha Visionary,Canada,61.0666922,-107.991707
JAY VOSS,United States,39.7837304,-100.445882
Mark Sre,United Kingdom,54.7023545,-3.2765753
Konai,Brazil,-10.3333333,-53.2
Shiloh Dynasty,Maryland,39.5162401,-76.9382069
Vicion Uve,Germany,51.1638175,10.4478313
Kirkland Jaxon,United States,39.7837304,-100.445882
James Gardin,Germany,51.1638175,10.4478313
Dusty McFly,United Kingdom,54.7023545,-3.2765753
Jim Conte,United States,39.7837304,-100.445882
PARTYNEXTDOOR,Canada,61.0666922,-107.991707
Hi_Tack,Netherlands,52.2434979,5.6343227
X Lovers,United States,39.7837304,-100.445882
Produkt,Germany,51.1638175,10.4478313
Captain Kidd,United States,39.7837304,-100.445882
Samson Ashe,United Kingdom,54.7023545,-3.2765753
DTB Chris,United Kingdom,54.7023545,-3.2765753
RYN SCOTT,United States,39.7837304,-100.445882
Kai Roberts,Germany,51.1638175,10.4478313
G Herbo,United States,39.7837304,-100.445882
mansionz,United States,39.7837304,-100.445882
Kamron Bahani,United States,39.7837304,-100.445882
Big Time Rush,United States,39.7837304,-100.445882
My Chemical Romance,United States,39.7837304,-100.445882
6 Dogs,United States,39.7837304,-100.445882
Nebu Kiniza,United States,39.7837304,-100.445882
BARANOVSKI,Poland,52.215933,19.134422
Jablon$ki,Netherlands,52.2434979,5.6343227
Who is Nico,United Kingdom,54.7023545,-3.2765753
Ryan Taubert,United States,39.7837304,-100.445882
Reggie Barnes,Australia,-24.7761086,134.755
Kurtis Hoppie,Centralia,38.5250491,-89.1334037
S-X,United Kingdom,54.7023545,-3.2765753
Black Jewelz,United Kingdom,54.7023545,-3.2765753
Soft Q,United Kingdom,54.7023545,-3.2765753
Jax Jones,United Kingdom,54.7023545,-3.2765753
One Direction,England,52.5310214,-1.2649062
Zombie Nation,Germany,51.1638175,10.4478313
Daniel Caesar,Canada,61.0666922,-107.991707
Smash Mouth,United States,39.7837304,-100.445882
Lykke Li,Sweden,59.6749712,14.5208584
M83,France,46.603354,1.8883335
Mighty Bay,United Kingdom,54.7023545,-3.2765753
Modern Talking,Germany,51.1638175,10.4478313
Rick Astley,United Kingdom,54.7023545,-3.2765753
LoveLeo,United States,39.7837304,-100.445882
Michael Sembello,United States,39.7837304,-100.445882
Spin Doctors,United States,39.7837304,-100.445882
Daye Jack,Atlanta,33.7544657,-84.3898151
Dr. Dre,United States,39.7837304,-100.445882
Tiffany,United States,39.7837304,-100.445882
Tre Savage,Italy,42.6384261,12.674297
Wallows,Los Angeles,34.0536909,-118.242766
Bob Sinclar,France,46.603354,1.8883335
Robin S,United States,39.7837304,-100.445882
Alex Gaudino,Italy,42.6384261,12.674297
Michael Gray,United States,39.7837304,-100.445882
Duck Sauce,United States,39.7837304,-100.445882
Village People,United States,39.7837304,-100.445882
Bee Gees,United Kingdom,54.7023545,-3.2765753
Amanda Seyfried,United States,39.7837304,-100.445882
Nena,Germany,51.1638175,10.4478313
MIKA,United Kingdom,54.7023545,-3.2765753
Lily James,Germany,51.1638175,10.4478313
Tom Jones,Wales,52.2928116,-3.73893
Meryl Streep,United States,39.7837304,-100.445882
Spice Girls,United Kingdom,54.7023545,-3.2765753
The Beach Boys,United States,39.7837304,-100.445882
Gwen Stefani,United States,39.7837304,-100.445882
Lesley Gore,United States,39.7837304,-100.445882
sanah,Poland,52.215933,19.134422
Oliwka Brazil,Poland,52.215933,19.134422
Aitch,Manchester,53.4794892,-2.2451148
Belly,United States,39.7837304,-100.445882
Yung Beef,Spain,39.3260685,-4.8379791
Jeezy,United States,39.7837304,-100.445882
Bobby Shmurda,Brooklyn,40.6526006,-73.9497211
Dave East,United States,39.7837304,-100.445882
Juicy J,United Kingdom,54.7023545,-3.2765753
Iggy Azalea,United States,39.7837304,-100.445882
Money Man,United States,39.7837304,-100.445882
Key Glock,United States,39.7837304,-100.445882
Salva,Los Angeles,34.0536909,-118.242766
Stormzy,United Kingdom,54.7023545,-3.2765753
Benny The Butcher,Buffalo,42.8864163,-78.8781493
Alchemist Project,United States,39.7837304,-100.445882
VINAI,Lombardia,45.5703694,9.7732524
Shouse,Melbourne,-37.8142454,144.9631732
Lloyd,United Kingdom,54.7023545,-3.2765753
Slushii,Los Angeles,34.0536909,-118.242766
Kalwi & Remi,Poland,52.215933,19.134422
Far East Movement,United States,39.7837304,-100.445882
Yeah Yeah Yeahs,United States,39.7837304,-100.445882
Basshunter,Sweden,59.6749712,14.5208584
Trinix,France,46.603354,1.8883335
Emma Peters,France,46.603354,1.8883335
Joel Corry,London,51.5074456,-0.1277653
Lost Frequencies,Belgium,50.6402809,4.6667145
Tinlicker,Netherlands,52.2434979,5.6343227
$hirak,Netherlands,52.2434979,5.6343227
Timmy Trumpet,Australia,-24.7761086,134.755
Bakermat,Netherlands,52.2434979,5.6343227
Antoon,Netherlands,52.2434979,5.6343227
King Jesse,United States,39.7837304,-100.445882
KSNS,Orlando,28.5421218,-81.379045
Ricky Bombay,Puerto Rico,18.2247706,-66.4858295
56ca$h,United States,39.7837304,-100.445882
Kenn Igbi,United States,39.7837304,-100.445882
Janusz Walczuk,Poland,52.215933,19.134422
Marie,Germany,51.1638175,10.4478313
Souls Of Mischief,United States,39.7837304,-100.445882
mgng,Poland,52.215933,19.134422
Yung Adisz,Poland,52.215933,19.134422
Alberto,Spain,39.3260685,-4.8379791
Pusher,Canada,61.0666922,-107.991707
Salvador,France,46.603354,1.8883335
Diho,Poland,52.215933,19.134422
Sentino,Germany,51.1638175,10.4478313
Smolasty,Poland,52.215933,19.134422
Hodak,Poland,52.215933,19.134422
Męskie Granie Orkiestra,Poland,52.215933,19.134422
White Widow,United States,39.7837304,-100.445882
Miętha,Poland,52.215933,19.134422
Bober,Poland,52.215933,19.134422
SKUTE BOBO,Switzerland,46.7985624,8.2319736
Floral Bugs,Poland,52.215933,19.134422
Yung Lean,Sweden,59.6749712,14.5208584
Atomic,United Kingdom,54.7023545,-3.2765753
Rzabka,Poland,52.215933,19.134422
Tribbs,Poland,52.215933,19.134422
Mike Candys,Switzerland,46.7985624,8.2319736
Sean Paul,Jamaica,18.1850507,-77.3947693
Timbaland,United States,39.7837304,-100.445882
Gromee,Poland,52.215933,19.134422
Akcent,Romania,45.9852129,24.6859225
Benny Benassi,Italy,42.6384261,12.674297
Axwell /\ Ingrosso,Sweden,59.6749712,14.5208584
Laidback Luke,Netherlands,52.2434979,5.6343227
Bingo Players,Netherlands,52.2434979,5.6343227
Steve Angello,Sweden,59.6749712,14.5208584
Kacper Blonsky,Warsaw,52.2333742,21.0711489
CatchUp,Poland,52.215933,19.134422
Solar,Sweden,59.6749712,14.5208584
Belmondawg,Poland,52.215933,19.134422
MASNY BEN,Poland,52.215933,19.134422
Josef Bratan,Poland,52.215933,19.134422
nath,Germany,51.1638175,10.4478313
Feno,Poland,52.215933,19.134422
Szczyl,Poland,52.215933,19.134422
Young Kai,Canada,61.0666922,-107.991707
E V,United States,39.7837304,-100.445882
Mobb Deep,Queensbridge,52.9561477,-2.9386634
De La Soul,United States,39.7837304,-100.445882
Quasimoto,Oxnard,34.1976308,-119.180381
The Pharcyde,United Kingdom,54.7023545,-3.2765753
Madvillain,United States,39.7837304,-100.445882
Viktor Vaughn,United States,39.7837304,-100.445882
Larry Coleman 2020,United States,39.7837304,-100.445882
Lord Apex,Kyïv,50.4500336,30.5241361
Freddie Mercury,United Kingdom,54.7023545,-3.2765753
Adele,United Kingdom,54.7023545,-3.2765753
Travie McCoy,United States,39.7837304,-100.445882
Sean Kingston,Jamaica,18.1850507,-77.3947693
R. City,United States,39.7837304,-100.445882
Giveon,United States,39.7837304,-100.445882
will.i.am,United States,39.7837304,-100.445882
Cody Simpson,Australia,-24.7761086,134.755
Iyaz,British Virgin Islands,18.4024395,-64.5661642
Conan Gray,United States,39.7837304,-100.445882
DNCE,United States,39.7837304,-100.445882
The Vamps,United Kingdom,54.7023545,-3.2765753
Jennifer Lopez,United States,39.7837304,-100.445882
The Wanted,United Kingdom,54.7023545,-3.2765753
P!nk,United States,39.7837304,-100.445882
Neon Trees,United States,39.7837304,-100.445882
Selena Gomez & The Scene,United States,39.7837304,-100.445882
Demi Lovato,United States,39.7837304,-100.445882
Masno,Poland,52.215933,19.134422
Japczan,Poland,52.215933,19.134422
MOTHICA,United States,39.7837304,-100.445882
K.Flay,United States,39.7837304,-100.445882
Wafia,Brisbane,-27.4689623,153.0235009
Caterina Valente,France,46.603354,1.8883335
The Damned,United Kingdom,54.7023545,-3.2765753
Black Flag,United States,39.7837304,-100.445882
Michael Giacchino,United States,39.7837304,-100.445882
Duckwrth,United States,39.7837304,-100.445882
Umberto Tozzi,Italy,42.6384261,12.674297
Dead Kennedys,United States,39.7837304,-100.445882
Blackway,United States,39.7837304,-100.445882
Mariah Carey,United States,39.7837304,-100.445882
Brenda Lee,Nashville,36.1622767,-86.7742984
Bobby Helms,United States,39.7837304,-100.445882
Michael Bublé,Canada,61.0666922,-107.991707
Dean Martin,United States,39.7837304,-100.445882
Kelly Clarkson,United States,39.7837304,-100.445882
Andy Williams,United States,39.7837304,-100.445882
José Feliciano,United States,39.7837304,-100.445882
Paul McCartney,United Kingdom,54.7023545,-3.2765753
Chris Rea,United Kingdom,54.7023545,-3.2765753
John Lennon,United Kingdom,54.7023545,-3.2765753
Band Aid,United States,39.7837304,-100.445882
The Jackson 5,United States,39.7837304,-100.445882
Shakin' Stevens,United Kingdom,54.7023545,-3.2765753
Perry Como,United States,39.7837304,-100.445882
Burl Ives,United States,39.7837304,-100.445882
Leona Lewis,United Kingdom,54.7023545,-3.2765753
Stevie Wonder,United States,39.7837304,-100.445882
Tony Bennett,United States,39.7837304,-100.445882
Bruce Springsteen,United States,39.7837304,-100.445882
Ella Fitzgerald,United States,39.7837304,-100.445882
Darlene Love,United States,39.7837304,-100.445882
Christina Aguilera,United States,39.7837304,-100.445882
Brett Eldredge,United States,39.7837304,-100.445882
*NSYNC,United States,39.7837304,-100.445882
Bing Crosby,United States,39.7837304,-100.445882
The Specials,United Kingdom,54.7023545,-3.2765753
DJ Khalil,Switzerland,46.7985624,8.2319736
Beau Young Prince,United States,39.7837304,-100.445882
Thutmose,United States,39.7837304,-100.445882
Sage The Gemini,United States,39.7837304,-100.445882
Jaykae,United Kingdom,54.7023545,-3.2765753
Soulja Boy,United States,39.7837304,-100.445882
Korn,United States,39.7837304,-100.445882
Philip George,United Kingdom,54.7023545,-3.2765753
James Hype,Germany,51.1638175,10.4478313
A1 x J1,England,52.5310214,-1.2649062
Russ Millions,United Kingdom,54.7023545,-3.2765753
KSI,United Kingdom,54.7023545,-3.2765753
Ramz,United Kingdom,54.7023545,-3.2765753
Glow,Germany,51.1638175,10.4478313
Alexandra Stan,Romania,45.9852129,24.6859225
Stromae,Belgium,50.6402809,4.6667145
Jason Derulo,United States,39.7837304,-100.445882
Taio Cruz,United Kingdom,54.7023545,-3.2765753
LMFAO,United States,39.7837304,-100.445882
R.I.O.,Germany,51.1638175,10.4478313
Austin Mahone,United States,39.7837304,-100.445882
DJ Antoine,Switzerland,46.7985624,8.2319736
Deorro,Los Angeles,34.0536909,-118.242766
La Bouche,Germany,51.1638175,10.4478313
Morris,Canada,61.0666922,-107.991707
Don Omar,Puerto Rico,18.2247706,-66.4858295
Nicky Jam,United States,39.7837304,-100.445882
Endor,United Kingdom,54.7023545,-3.2765753
Travis Savoie,Canada,61.0666922,-107.991707
Tevvez,Roanne,46.0345572,4.0729178
Central Cee,England,52.5310214,-1.2649062
Judy Kuhn,United States,39.7837304,-100.445882
Edyta Górniak,Poland,52.215933,19.134422
Movements,Orange County,33.750631,-117.8722311
SR,Spain,39.3260685,-4.8379791
Céline Dion,Canada,61.0666922,-107.991707
Tyler Bates,United States,39.7837304,-100.445882
DJ Shadow,United States,39.7837304,-100.445882
Peter Gabriel,United Kingdom,54.7023545,-3.2765753
Cher,United States,39.7837304,-100.445882
Dolly Parton,United States,39.7837304,-100.445882
Air Supply,Australia,-24.7761086,134.755
Pat Benatar,United States,39.7837304,-100.445882
Charles Strouse,United States,39.7837304,-100.445882
Zomboy,United Kingdom,54.7023545,-3.2765753
League of Legends,Dallas,32.7762719,-96.7968559
Chad Kroeger,Canada,61.0666922,-107.991707
Daughtry,United States,39.7837304,-100.445882
Three Days Grace,Canada,61.0666922,-107.991707
Creed,United States,39.7837304,-100.445882
Lifehouse,United States,39.7837304,-100.445882
Flume,Australia,-24.7761086,134.755
girl in red,Norway,61.1529386,8.7876653
Dayglow,United States,39.7837304,-100.445882
Magiera,Poland,52.215933,19.134422
DZIARMA,Poland,52.215933,19.134422
Drenchill,Portugal,39.6621648,-8.1353519
ItaloBrothers,Germany,51.1638175,10.4478313
Riton,United Kingdom,54.7023545,-3.2765753
Dopebwoy,Netherlands,52.2434979,5.6343227
Aymi,Barcelona,41.3825802,2.177073
WILLOW,United States,39.7837304,-100.445882
Jaymes Young,Canada,61.0666922,-107.991707
Patrick Watson,United States,39.7837304,-100.445882
Tom Rosenthal,Wales,52.2928116,-3.73893
awfultune,United States,39.7837304,-100.445882
Current Joys,United States,39.7837304,-100.445882
Clairo,United States,39.7837304,-100.445882
Novo Amor,United Kingdom,54.7023545,-3.2765753
Ruel,Australia,-24.7761086,134.755
Dominic Fike,Florida,27.7567667,-81.4639835
BETWEEN FRIENDS,Los Angeles,34.0536909,-118.242766
Christina Perri,United States,39.7837304,-100.445882
Beach House,United States,39.7837304,-100.445882
Matt Maltese,United Kingdom,54.7023545,-3.2765753
THE ANXIETY,United Kingdom,54.7023545,-3.2765753
Tom Odell,United Kingdom,54.7023545,-3.2765753
The Alchemist,United Kingdom,54.7023545,-3.2765753
Curren$y,United States,39.7837304,-100.445882
Kevin Abstract,United States,39.7837304,-100.445882
młody klakson,Poland,52.215933,19.134422
Doda,Poland,52.215933,19.134422
Lauren Spencer Smith,Canada,61.0666922,-107.991707
The Walters,United Kingdom,54.7023545,-3.2765753
Ruth B.,United States,39.7837304,-100.445882
ROLE MODEL,United States,39.7837304,-100.445882
Ricky Montgomery,United States,39.7837304,-100.445882
Gigi Perez,Italy,42.6384261,12.674297
Julia Michaels,United States,39.7837304,-100.445882
Luke Hemmings,Australia,-24.7761086,134.755
Mother Mother,Canada,61.0666922,-107.991707
Cody Fry,United Kingdom,54.7023545,-3.2765753
Ofenbach,France,46.603354,1.8883335
Purple Disco Machine,Germany,51.1638175,10.4478313
INNA,Romania,45.9852129,24.6859225
Michael Patrick Kelly,Germany,51.1638175,10.4478313
GAYLE,United States,39.7837304,-100.445882
Glass Animals,United Kingdom,54.7023545,-3.2765753
Internet Money,United States,39.7837304,-100.445882
Tom Grennan,United Kingdom,54.7023545,-3.2765753
Caroline Polachek,United States,39.7837304,-100.445882
Masked Wolf,Germany,51.1638175,10.4478313
Paweł Domagała,Poland,52.215933,19.134422
Ania Dąbrowska,Poland,52.215933,19.134422
Capital Cities,United States,39.7837304,-100.445882
Milky Chance,Germany,51.1638175,10.4478313
Melanie Fiona,United States,39.7837304,-100.445882
Michał Szczygieł,Poland,52.215933,19.134422
Andrew Garfield,United Kingdom,54.7023545,-3.2765753
Joshua Henry,United Kingdom,54.7023545,-3.2765753
Veronica Jackson,United States,39.7837304,-100.445882
Gavin DeGraw,United States,39.7837304,-100.445882
Miguel,Spain,39.3260685,-4.8379791
Jessie J,United Kingdom,54.7023545,-3.2765753
Grimes,Canada,61.0666922,-107.991707
alt-J,United Kingdom,54.7023545,-3.2765753
DJ Fresh,United Kingdom,54.7023545,-3.2765753
50 Cent,United States,39.7837304,-100.445882
Uncle Murda,United States,39.7837304,-100.445882
Qry,Jasło,49.7469627,21.493576
Grzegorz Bojanek,Poland,52.215933,19.134422
Yerba Mates,Argentina,-34.9964963,-64.9672817
Tom Walker,Wales,52.2928116,-3.73893
Katelyn Tarver,United States,39.7837304,-100.445882
JP Saxe,Canada,61.0666922,-107.991707
Cody Frost,Burnley,53.7907262,-2.2439196
Griff,United Kingdom,54.7023545,-3.2765753
LANY,United States,39.7837304,-100.445882
Aaron Smith,United States,39.7837304,-100.445882
Sarah Proctor,United States,39.7837304,-100.445882
Cian Ducrot,London,51.5074456,-0.1277653
Louis Dunford,United States,39.7837304,-100.445882
Sody,United Kingdom,54.7023545,-3.2765753
Benson Boone,United States,39.7837304,-100.445882
Holly Humberstone,United Kingdom,54.7023545,-3.2765753
Hana Lili,London,51.5074456,-0.1277653
Joshua Bassett,United States,39.7837304,-100.445882
Mimi Webb,United Kingdom,54.7023545,-3.2765753
Sam Fender,United Kingdom,54.7023545,-3.2765753
St. Lundi,United Kingdom,54.7023545,-3.2765753
Maddie Zahm,United States,39.7837304,-100.445882
Nick Wilson,United Kingdom,54.7023545,-3.2765753
Grace Carter,United States,39.7837304,-100.445882
Emily Burns,United States,39.7837304,-100.445882
The Band CAMINO,United States,39.7837304,-100.445882
Sarah Cothran,United States,39.7837304,-100.445882
Luz,Spain,39.3260685,-4.8379791
Minke,London,51.5074456,-0.1277653
Cat Burns,United Kingdom,54.7023545,-3.2765753
dodie,United Kingdom,54.7023545,-3.2765753
Jamie Miller,United States,39.7837304,-100.445882
John Legend,United States,39.7837304,-100.445882
David Kushner,England,52.5310214,-1.2649062
Claudia Valentina,United Kingdom,54.7023545,-3.2765753
Yak,London,51.5074456,-0.1277653
Nick Cave & The Bad Seeds,Australia,-24.7761086,134.755
Cillian Murphy,Ireland,52.865196,-7.9794599
Eternal Raijin,Baltimore,39.2908816,-76.610759
Radiohead,United Kingdom,54.7023545,-3.2765753
IDLES,United Kingdom,54.7023545,-3.2765753
The White Stripes,United States,39.7837304,-100.445882
Anna Calvi,United Kingdom,54.7023545,-3.2765753
Leonard Cohen,Canada,61.0666922,-107.991707
Karri,Oakland,37.8044557,-122.271356
PJ Harvey,England,52.5310214,-1.2649062
Dan Auerbach,United States,39.7837304,-100.445882
Laura Marling,United Kingdom,54.7023545,-3.2765753
Dark Polo Gang,Italy,42.6384261,12.674297
Baden Powell,Brazil,-10.3333333,-53.2
Coi Leray,United States,39.7837304,-100.445882
Matt Legacy,United Kingdom,54.7023545,-3.2765753
2 LIVE CREW,United States,39.7837304,-100.445882
YACHT,Los Angeles,34.0536909,-118.242766
Small Black,United Kingdom,54.7023545,-3.2765753
Wale,United States,39.7837304,-100.445882
Four Tet,United Kingdom,54.7023545,-3.2765753
D12,United States,39.7837304,-100.445882
SB,United States,39.7837304,-100.445882
Trick Daddy,United States,39.7837304,-100.445882
Yeasayer,United States,39.7837304,-100.445882
James Blunt,United Kingdom,54.7023545,-3.2765753
The Hundred In The Hands,United States,39.7837304,-100.445882
Queens of the Stone Age,United States,39.7837304,-100.445882
Salt-N-Pepa,United States,39.7837304,-100.445882
Bang On!,Düsseldorf,51.2254018,6.7763137
Animal Collective,United States,39.7837304,-100.445882
R5,United States,39.7837304,-100.445882
Lukas Graham,Denmark,55.670249,10.3333283
George Ezra,United Kingdom,54.7023545,-3.2765753
Calum Scott,United Kingdom,54.7023545,-3.2765753
Passenger,United Kingdom,54.7023545,-3.2765753
Niall Horan,Ireland,52.865196,-7.9794599
Haley Reinhart,United States,39.7837304,-100.445882
Matt Johnson,United States,39.7837304,-100.445882
Josh Franklin,United States,39.7837304,-100.445882
Meghan Trainor,United States,39.7837304,-100.445882
MAGIC!,Japan,36.5748441,139.2394179
Masen Lee,United States,39.7837304,-100.445882
Scott Chapman,United States,39.7837304,-100.445882
James Bay,Germany,51.1638175,10.4478313
James TW,Germany,51.1638175,10.4478313
A Great Big World,United States,39.7837304,-100.445882
Ben Haenow,United Kingdom,54.7023545,-3.2765753
Jason Mraz,United States,39.7837304,-100.445882
Naughty Boy,United Kingdom,54.7023545,-3.2765753
Lilly Wood and The Prick,France,46.603354,1.8883335
Felix Jaehn,Germany,51.1638175,10.4478313
Seinabo Sey,Sweden,59.6749712,14.5208584
Tim Berg,Germany,51.1638175,10.4478313
Galantis,Sweden,59.6749712,14.5208584
Nico & Vinz,Norway,61.1529386,8.7876653
Sigma,United Kingdom,54.7023545,-3.2765753
Petit Biscuit,France,46.603354,1.8883335
Route 94,London,51.5074456,-0.1277653
Cheat Codes,United States,39.7837304,-100.445882
Kungs,France,46.603354,1.8883335
Duke Dumont,United Kingdom,54.7023545,-3.2765753
Anna Naklab,Germany,51.1638175,10.4478313
Robin Schulz,Germany,51.1638175,10.4478313
Tove Lo,Sweden,59.6749712,14.5208584
Olly Alexander (Years & Years),United Kingdom,54.7023545,-3.2765753
MKTO,United States,39.7837304,-100.445882
Oliver Heldens,Netherlands,52.2434979,5.6343227
Goose house,United States,39.7837304,-100.445882
Rousseau,France,46.603354,1.8883335
Ludwig van Beethoven,Germany,51.1638175,10.4478313
Camille Saint-Saëns,France,46.603354,1.8883335
Frédéric Chopin,Poland,52.215933,19.134422
Fritz Kreisler,Austria,47.59397,14.12456
Claude Debussy,France,46.603354,1.8883335
Sergei Rachmaninoff,Canada,61.0666922,-107.991707
Cat Trumpet,United Kingdom,54.7023545,-3.2765753
7!!,Australia,-24.7761086,134.755
Fonzi M,Germany,51.1638175,10.4478313
Jeremy Ng,United States,39.7837304,-100.445882
Moisés Nieto,Illes Balears,39.613432,2.8829185
Mike Perry,United States,39.7837304,-100.445882
American Authors,United States,39.7837304,-100.445882
Stardust,Japan,36.5748441,139.2394179
Tritonal,United States,39.7837304,-100.445882
Las Ketchup,Spain,39.3260685,-4.8379791
Lenny Kravitz,United States,39.7837304,-100.445882
Deaton Chris Anthony,Los Angeles,34.0536909,-118.242766
FRIZ,France,46.603354,1.8883335
Gibbs,United States,39.7837304,-100.445882
Emma Jensen,Italy,42.6384261,12.674297
Starley,Australia,-24.7761086,134.755
Boslen,Canada,61.0666922,-107.991707
27.Fuckdemons,Poland,52.215933,19.134422
Nicky Youre,United States,39.7837304,-100.445882
Remixed Hits Club,United Kingdom,54.7023545,-3.2765753
przyłu,Poland,52.215933,19.134422
Tromba,Buenos Aires,-34.6095579,-58.3887904
Cloud District,New Paltz,41.7464972,-74.0844894
Alan Aztec,United States,39.7837304,-100.445882
KęKę,United States,39.7837304,-100.445882
Måneskin,Italy,42.6384261,12.674297
Hannah Montana,United States,39.7837304,-100.445882
Polskie Hity Internetu,Poland,52.215933,19.134422
DDG,Los Angeles,34.0536909,-118.242766
Twista,United States,39.7837304,-100.445882
Sasha Alex Sloan,United States,39.7837304,-100.445882
George Michael,United Kingdom,54.7023545,-3.2765753
Sports,Germany,51.1638175,10.4478313
Q,Australia,-24.7761086,134.755
Tommy Cash,United States,39.7837304,-100.445882
Armani White,United States,39.7837304,-100.445882
DJ Scheme,Switzerland,46.7985624,8.2319736
Jeremih,United States,39.7837304,-100.445882
Bruno Major,Italy,42.6384261,12.674297
KANKAN,United States,39.7837304,-100.445882
Young Dolph,Canada,61.0666922,-107.991707
King Von,United States,39.7837304,-100.445882
Musical Youth,United Kingdom,54.7023545,-3.2765753
The Cramps,United States,39.7837304,-100.445882
Icy Narco,Miami,25.7741566,-80.1935973
BURNS,United States,39.7837304,-100.445882
Gabry Ponte,Italy,42.6384261,12.674297
Boldy James,Detroit,42.3315509,-83.0466403
Laura Les,Germany,51.1638175,10.4478313
Eric Bellinger,United Kingdom,54.7023545,-3.2765753
Ben Jones,United States,39.7837304,-100.445882
Jennifer Thomas,Norway,61.1529386,8.7876653
Fiona Apple,United States,39.7837304,-100.445882
Graham De Wilde,United Kingdom,54.7023545,-3.2765753
Patrick Péronne,Paris,48.8534951,2.3483915
Sound Collective,Japan,36.5748441,139.2394179
John Barry,United Kingdom,54.7023545,-3.2765753
blackbear,United States,39.7837304,-100.445882
Whales,Israel,30.8124247,34.8594762
Gruby AK47,Poland,52.215933,19.134422
Arab,United Kingdom,54.7023545,-3.2765753
Sainté,Canada,61.0666922,-107.991707
Mike Dimes,United Kingdom,54.7023545,-3.2765753
Skip,United States,39.7837304,-100.445882
Sauce Walka,United States,39.7837304,-100.445882
A$AP ANT,United States,39.7837304,-100.445882
redveil,United States,39.7837304,-100.445882
Naeleck,France,46.603354,1.8883335
Arcade Fire,Australia,-24.7761086,134.755
DVRST,Russia,64.6863136,97.7453061
Cochise,Germany,51.1638175,10.4478313
1nonly,United States,39.7837304,-100.445882
Paktofonika,Poland,52.215933,19.134422
Waima,Poland,52.215933,19.134422
Eyedress,Philippines,12.7503486,122.7312101
Cults,United States,39.7837304,-100.445882
Keri Hilson,United States,39.7837304,-100.445882
Cascada,Germany,51.1638175,10.4478313
Chamillionaire,United States,39.7837304,-100.445882
The Shapeshifters,United Kingdom,54.7023545,-3.2765753
Tony Dize,Puerto Rico,18.2247706,-66.4858295
Guru Josh Project,Jersey,49.2214561,-2.1358386
Blu Cantrell,United States,39.7837304,-100.445882
Junior Jack,Belgium,50.6402809,4.6667145
Kaskade,United States,39.7837304,-100.445882
Akon,Senegal,14.4750607,-14.4529612
Crazy Frog,Germany,51.1638175,10.4478313
Amerie,United States,39.7837304,-100.445882
Bob Sinclair,United States,39.7837304,-100.445882
Jamelia,United Kingdom,54.7023545,-3.2765753
Haddaway,Germany,51.1638175,10.4478313
Jakub Grabowski,Denmark,55.670249,10.3333283
Tim Atlas,United States,39.7837304,-100.445882
Mel Blue,United States,39.7837304,-100.445882
Landon Conrath,United States,39.7837304,-100.445882
Jungle,United States,39.7837304,-100.445882
Hollow Coves,Australia,-24.7761086,134.755
Conor Albert,United States,39.7837304,-100.445882
KAWALA,London,51.5074456,-0.1277653
Sure Sure,United States,39.7837304,-100.445882
Harrison Storm,United Kingdom,54.7023545,-3.2765753
Tom Chaplin,Wales,52.2928116,-3.73893
Luke Marzec,Netherlands,52.2434979,5.6343227
Bastille,United Kingdom,54.7023545,-3.2765753
Keane,United Kingdom,54.7023545,-3.2765753
HYBS,Bangkok,13.7524938,100.4935089
Daniel Boudzali,Argentina,-34.9964963,-64.9672817
Big Wild,United Kingdom,54.7023545,-3.2765753
The Killers,United Kingdom,54.7023545,-3.2765753
Limón Limón,United States,39.7837304,-100.445882
Appleby,United Kingdom,54.7023545,-3.2765753
Blake Rose,United States,39.7837304,-100.445882
Grizfolk,United States,39.7837304,-100.445882
The 1975,United Kingdom,54.7023545,-3.2765753
Kylie Dailey,Australia,-24.7761086,134.755
Andrew Belle,United Kingdom,54.7023545,-3.2765753
CVBZ,United States,39.7837304,-100.445882
Inhaler,Ireland,52.865196,-7.9794599
Paco Versailles,United States,39.7837304,-100.445882
Fini,Maldives,3.7203503,73.2244152
Lavern,United States,39.7837304,-100.445882
Kodaline,Ireland,52.865196,-7.9794599
Oshima Brothers,United States,39.7837304,-100.445882
ODESZA,United States,39.7837304,-100.445882
Youngr,London,51.5074456,-0.1277653
Vansire,Rochester,43.157285,-77.615214
Valley,Canada,61.0666922,-107.991707
Emilia Jones,United States,39.7837304,-100.445882
John Mayer,United States,39.7837304,-100.445882
Last Dinosaurs,Germany,51.1638175,10.4478313
Seafret,United Kingdom,54.7023545,-3.2765753
LEISURE,New Zealand,-41.5000831,172.8344077
Cahoots,United Kingdom,54.7023545,-3.2765753
Mumford & Sons,United Kingdom,54.7023545,-3.2765753
Alok,Brazil,-10.3333333,-53.2
Aaron Espe,United States,39.7837304,-100.445882
Two Door Cinema Club,Northern Ireland,54.5859836,-6.9591554
Charles William,United States,39.7837304,-100.445882
Adam Levine,United States,39.7837304,-100.445882
Snow Patrol,United Kingdom,54.7023545,-3.2765753
Ryan Gosling,United States,39.7837304,-100.445882
Shake Shake Go,United Kingdom,54.7023545,-3.2765753
Brandon Flowers,American Fork,40.3768064,-111.7959146
The Kooks,United Kingdom,54.7023545,-3.2765753
Brooke Fraser,New Zealand,-41.5000831,172.8344077
Wdowa,Poland,52.215933,19.134422
Hase,Graz,47.0708678,15.4382786
ZKI/SEZ,South Korea,36.638392,127.6961188
Przemek Ferguson,United States,39.7837304,-100.445882
Wieprzon,Poland,52.215933,19.134422
KPSN,Poland,52.215933,19.134422
Suchy,Czechia,49.7439047,15.3381061
Pękaty,Poland,52.215933,19.134422
Radzias,Poland,52.215933,19.134422
Cooks,Poland,52.215933,19.134422
Małe TGD,Poland,52.215933,19.134422
Louis Villain,United States,39.7837304,-100.445882
RIP SCOTTY,Poland,52.215933,19.134422
Baasch,Warsaw,52.2333742,21.0711489
Młody Ozi,Taiwan,23.9739374,120.9820179
Pooh Shiesty,United States,39.7837304,-100.445882
OHGEESY,Los Angeles,34.0536909,-118.242766
Lil Durk,United States,39.7837304,-100.445882
Travis Thompson,Scotland,56.7861112,-4.1140518
Casanova,Germany,51.1638175,10.4478313
IShowSpeed,United States,39.7837304,-100.445882
dj Shawny,United States,39.7837304,-100.445882
Dream Work,Germany,51.1638175,10.4478313
Calabasas,Los Angeles,34.0536909,-118.242766
$tupid Young,Canada,61.0666922,-107.991707
Nic D,United States,39.7837304,-100.445882
ArrDee,United Kingdom,54.7023545,-3.2765753
Bo Burnham,United States,39.7837304,-100.445882
SYML,United States,39.7837304,-100.445882
Paramore,United States,39.7837304,-100.445882
Ashe,United States,39.7837304,-100.445882
Amaarae,Ghana,8.0300284,-1.0800271
Stephen Sanchez,United States,39.7837304,-100.445882
vinnie,United States,39.7837304,-100.445882
FINNEAS,United States,39.7837304,-100.445882
Beach Bunny,United States,39.7837304,-100.445882
Surf Curse,United States,39.7837304,-100.445882
Gavin Leatherwood,United States,39.7837304,-100.445882
TV Girl,United States,39.7837304,-100.445882
KINGS,France,46.603354,1.8883335
Paloma Faith,United Kingdom,54.7023545,-3.2765753
Young the Giant,United States,39.7837304,-100.445882
Savana Santos,United States,39.7837304,-100.445882
AURORA,Norway,61.1529386,8.7876653
sofi frozza,United States,39.7837304,-100.445882
Phantogram,United States,39.7837304,-100.445882
Sleeping At Last,United States,39.7837304,-100.445882
Dove Cameron,United States,39.7837304,-100.445882
ZAYN,England,52.5310214,-1.2649062
gnash,United States,39.7837304,-100.445882
Sofia Karlberg,Sweden,59.6749712,14.5208584
Arson,Germany,51.1638175,10.4478313
Smiley,United States,39.7837304,-100.445882
Bring Me The Horizon,United Kingdom,54.7023545,-3.2765753
Mac DeMarco,Canada,61.0666922,-107.991707
The xx,United Kingdom,54.7023545,-3.2765753
Men I Trust,Canada,61.0666922,-107.991707
Ralph Castelli,United Kingdom,54.7023545,-3.2765753
Mr.Kitty,Austin,30.2711286,-97.7436995
Yot Club,United States,39.7837304,-100.445882
Vacations,Australia,-24.7761086,134.755
BIA,Brazil,-10.3333333,-53.2
Russ,United States,39.7837304,-100.445882
The Minions,United Kingdom,54.7023545,-3.2765753
Hitmaka,United States,39.7837304,-100.445882
OG Olgierd,Poland,52.215933,19.134422
Emma Louise,Australia,-24.7761086,134.755
Duncan Laurence,Netherlands,52.2434979,5.6343227
Zeju POG,United Kingdom,54.7023545,-3.2765753
Asster,Łódź,51.7687323,19.4569911
stickxr,Poland,52.215933,19.134422
Ten Preston,United States,39.7837304,-100.445882
Enej,Poland,52.215933,19.134422
Ewelina Lisowska,Poland,52.215933,19.134422
WALK THE MOON,United States,39.7837304,-100.445882
Lil' Kim,United States,39.7837304,-100.445882
Olly Murs,United Kingdom,54.7023545,-3.2765753
Fergie,United States,39.7837304,-100.445882
Lazy The Loser,Poland,52.215933,19.134422
Lil Cobaine,United States,39.7837304,-100.445882
COTIS,Canada,61.0666922,-107.991707
glaive,Hendersonville,35.3187279,-82.4609528
POORSTACY,Florida,27.7567667,-81.4639835
Lui Joseph,Austria,47.59397,14.12456
Ryan Caraveo,United States,39.7837304,-100.445882
AQVOL,Broward County,26.1571312,-80.4549969
Vundabar,Boston,42.3588336,-71.0578303
dying in designer,Chicago,41.8755616,-87.6244212
Bryce Bishop,New York,40.7127281,-74.0060152
Yeek,Los Angeles,34.0536909,-118.242766
Koi,Costa Mesa,33.6633386,-117.903317
kurtains,Wales,52.2928116,-3.73893
Marco Luka,United States,39.7837304,-100.445882
Omar Apollo,United States,39.7837304,-100.445882
Carly Rae Jepsen,Canada,61.0666922,-107.991707
JPEGMAFIA,United States,39.7837304,-100.445882
Chuck Sutton,United States,39.7837304,-100.445882
Desiigner,United States,39.7837304,-100.445882
Thouxanbanfauni,Atlanta,33.7544657,-84.3898151
Gym Class Heroes,United States,39.7837304,-100.445882
Austin George,United Kingdom,54.7023545,-3.2765753
thasup,Italy,42.6384261,12.674297
Yung Bae,Portland,45.5202471,-122.674194
Saba,United States,39.7837304,-100.445882
Lil Mabu,United States,39.7837304,-100.445882
Lil Loaded,United States,39.7837304,-100.445882
Knucks,London,51.5074456,-0.1277653
Bktherula,United States,39.7837304,-100.445882
Destroy Lonely,United States,39.7837304,-100.445882
Jay Electronica,United States,39.7837304,-100.445882
slowthai,United Kingdom,54.7023545,-3.2765753
Kwiat Jabłoni,Poland,52.215933,19.134422
tobi lou,United States,39.7837304,-100.445882
Kevin Powers,Redwood City,37.4863239,-122.232523
Abhi The Nomad,Austin,30.2711286,-97.7436995
Corbin,United States,39.7837304,-100.445882
aldrch,New York,40.7127281,-74.0060152
Joshua Golden,Netherlands,52.2434979,5.6343227
BIGBABYGUCCI,United States,39.7837304,-100.445882
Chri$tian Gate$,United States,39.7837304,-100.445882
Kirk Knight,United States,39.7837304,-100.445882
Zelooperz,Detroit,42.3315509,-83.0466403
Lupe Fiasco,United States,39.7837304,-100.445882
Moli,Germany,51.1638175,10.4478313
Aerosmith,United States,39.7837304,-100.445882
Ricky Martin,Puerto Rico,18.2247706,-66.4858295
Avril Lavigne,Canada,61.0666922,-107.991707
The Rembrandts,United Kingdom,54.7023545,-3.2765753
Rascal Flatts,United States,39.7837304,-100.445882
Rockwell,United States,39.7837304,-100.445882
Soft Cell,United Kingdom,54.7023545,-3.2765753
Bastard!,United States,39.7837304,-100.445882
DJ Pro Code,Switzerland,46.7985624,8.2319736
DJ Drobitussin,Houston,29.7589382,-95.3676974
DJ Smooth 205,Switzerland,46.7985624,8.2319736
The Chopstars,United Kingdom,54.7023545,-3.2765753
Weezer,United States,39.7837304,-100.445882
"nothing,nowhere.",United States,39.7837304,-100.445882
gianni & kyle,Los Angeles,34.0536909,-118.242766
Hoodie Allen,United States,39.7837304,-100.445882
Melanie Thornton,United States,39.7837304,-100.445882
John Williams,United States,39.7837304,-100.445882
Train,United States,39.7837304,-100.445882
Slade,United Kingdom,54.7023545,-3.2765753
HRVY,United Kingdom,54.7023545,-3.2765753
AJ Mitchell,Canada,61.0666922,-107.991707
B.o.B,United States,39.7837304,-100.445882
SoMo,Denison,33.7556593,-96.536658
Ne-Yo,United States,39.7837304,-100.445882
Disclosure,United Kingdom,54.7023545,-3.2765753
twocolors,Berlin,52.5173885,13.3951309
Fousheé,Los Angeles,34.0536909,-118.242766
Lanberry,Poland,52.215933,19.134422
Margaret,Canada,61.0666922,-107.991707
LIZOT,Germany,51.1638175,10.4478313
LA Vision,[Worldwide],-33.8938107,151.2621478
Ritt Momney,Salt Lake City,40.7596198,-111.886797
Missy Elliott,United States,39.7837304,-100.445882
Cecilio G.,Germany,51.1638175,10.4478313
Chloe x Halle,United States,39.7837304,-100.445882
Princess Nokia,New York,40.7127281,-74.0060152
Nicki Nicole,United States,39.7837304,-100.445882
Delaossa,Spain,39.3260685,-4.8379791
Tinashe,United States,39.7837304,-100.445882
Rvssian,Jamaica,18.1850507,-77.3947693
Lous and The Yakuza,Belgium,50.6402809,4.6667145
El Alfa,Dominican Republic,19.0974031,-70.3028026
Bars and Melody,United Kingdom,54.7023545,-3.2765753
M24,United Kingdom,54.7023545,-3.2765753
CJ,Belgium,50.6402809,4.6667145
Sus,Colombia,4.099917,-72.9088133
SL,England,52.5310214,-1.2649062
Headie One,United Kingdom,54.7023545,-3.2765753
Mixtape Madness,United Kingdom,54.7023545,-3.2765753
Tion Wayne,United States,39.7837304,-100.445882
G4 Boyz,Staten Island,40.5834557,-74.1496048
A92,Sevilla,37.3886303,-5.9953403
dutchavelli,London,51.5074456,-0.1277653
Digga D,United States,39.7837304,-100.445882
Lil Tjay,United States,39.7837304,-100.445882
Rod Wave,United Kingdom,54.7023545,-3.2765753
Blanco,Germany,51.1638175,10.4478313
iLL BLU,United States,39.7837304,-100.445882
Oscar Peterson,Canada,61.0666922,-107.991707
Nat King Cole,United States,39.7837304,-100.445882
Harry Gregson-Williams,United Kingdom,54.7023545,-3.2765753
Cobra Starship,United States,39.7837304,-100.445882
Nayer,United States,39.7837304,-100.445882
Satisfy,Netherlands,52.2434979,5.6343227
Billy Danze,United States,39.7837304,-100.445882
Creature Comfort,Melbourne,-37.8142454,144.9631732
Clo 9,United States,39.7837304,-100.445882
Josh A,Norway,61.1529386,8.7876653
Ice Cube,United States,39.7837304,-100.445882
Bon Jovi,United States,39.7837304,-100.445882
Nickelback,Canada,61.0666922,-107.991707
AC/DC,Australia,-24.7761086,134.755
Patience & Prudence,United States,39.7837304,-100.445882
Kevin MacLeod,United States,39.7837304,-100.445882
Jeremy Sherman,United Kingdom,54.7023545,-3.2765753
Baha Men,Bahamas,24.7736546,-78.0000547
The Tokens,United Kingdom,54.7023545,-3.2765753
Max Coveri,Italy,42.6384261,12.674297
Miranda Cosgrove,United States,39.7837304,-100.445882
London Voices,United Kingdom,54.7023545,-3.2765753
John Cena,United States,39.7837304,-100.445882
John Barry Orchestra,United Kingdom,54.7023545,-3.2765753
Maluma,Colombia,4.099917,-72.9088133
Sawyer,United States,39.7837304,-100.445882
Sickick,Canada,61.0666922,-107.991707
Rundek,Croatia,45.3658443,15.6575209
Uniting Nations,United Kingdom,54.7023545,-3.2765753
WESLEY,United States,39.7837304,-100.445882
WIP Bros,United Kingdom,54.7023545,-3.2765753
Imanbek,Kazakhstan,48.1012954,66.7780818
MAX,Germany,51.1638175,10.4478313
Nathan Dawe,Germany,51.1638175,10.4478313
Sofia Carson,United States,39.7837304,-100.445882
Studio Killers,United States,39.7837304,-100.445882
Los Legendarios,Puerto Rico,18.2247706,-66.4858295
ATB,Germany,51.1638175,10.4478313
ROSÉ,United States,39.7837304,-100.445882
Bonez MC,Germany,51.1638175,10.4478313
Vveee Media Limited,United States,39.7837304,-100.445882
Sto Lat!,Czechia,49.7439047,15.3381061
Kyla La Grange,United Kingdom,54.7023545,-3.2765753
Syn Cole,United States,39.7837304,-100.445882
SyKo,Seattle,47.6038321,-122.330062
Sewerslvt,Sydney,-33.8698439,151.2082848
Lovejoy,England,52.5310214,-1.2649062
009 Sound System,United States,39.7837304,-100.445882
Alexander Rybak,Norway,61.1529386,8.7876653
Alex C.,France,46.603354,1.8883335
Mirami,Ukraine,49.4871968,31.2718321
Abel de Jong,Netherlands,52.2434979,5.6343227
Wanda i Banda,Poland,52.215933,19.134422
ZetHa,Poland,52.215933,19.134422
PLAZA,Chile,-31.7613365,-71.3187697
Lord Cobra,Kyïv,50.4500336,30.5241361
Blackfoot Gypsies,United States,39.7837304,-100.445882
Yxngxr1,United Kingdom,54.7023545,-3.2765753
Joan Jett & the Blackhearts,United States,39.7837304,-100.445882
Patrick Hernandez,United States,39.7837304,-100.445882
Donna Summer,United States,39.7837304,-100.445882
Sister Sledge,United States,39.7837304,-100.445882
Dalida,France,46.603354,1.8883335
Kate Bush,England,52.5310214,-1.2649062
John Travolta,United States,39.7837304,-100.445882
Irene Cara,United States,39.7837304,-100.445882
Whitney Houston,United States,39.7837304,-100.445882
Elvis Crespo,United States,39.7837304,-100.445882
Blondie,United States,39.7837304,-100.445882
Status Quo,United Kingdom,54.7023545,-3.2765753
The Monkees,United States,39.7837304,-100.445882
Declan McKenna,United Kingdom,54.7023545,-3.2765753
Robbie Williams,United Kingdom,54.7023545,-3.2765753
Jan Smit,Netherlands,52.2434979,5.6343227
CHIC,United States,39.7837304,-100.445882
ZHU,United States,39.7837304,-100.445882
Robert M,Germany,51.1638175,10.4478313
Steven Henley Jr.,Los Angeles,34.0536909,-118.242766
DUSTY,United Kingdom,54.7023545,-3.2765753
Next To Blue,Colorado,38.7251776,-105.607716
Verzache,Toronto,43.6534817,-79.3839347
Yung Pinch,Huntington Beach,33.6783336,-118.000016
Skizzy Mars,United States,39.7837304,-100.445882
Tom The Mail Man,Atlanta,33.7544657,-84.3898151
ericdoa,Connecticut,41.6500201,-72.7342163
Tiny Meat Gang,Venice,45.4371908,12.3345898
Quadeca,United States,39.7837304,-100.445882
ilyTOMMY,Virginia,37.1232245,-78.4927721
YNG Martyr,Canberra,-35.2975906,149.1012676
Tchami,France,46.603354,1.8883335
JAWNY,United States,39.7837304,-100.445882
NOEL,United Kingdom,54.7023545,-3.2765753
Lil Jon & The East Side Boyz,Atlanta,33.7544657,-84.3898151
Billy Marchiafava,United States,39.7837304,-100.445882
NotheHo,Detroit,42.3315509,-83.0466403
RYSY,Poland,52.215933,19.134422
Cypis,Poland,52.215933,19.134422
Da Vosk Docta,Poland,52.215933,19.134422
Krzysztof Krawczyk,Poland,52.215933,19.134422
Julia Pośnik,Poland,52.215933,19.134422
Video,Poland,52.215933,19.134422
Coals,Poland,52.215933,19.134422
WIXAPOL,Warsaw,52.2333742,21.0711489
Ghostface Killah,United States,39.7837304,-100.445882
Aleshen,Poland,52.215933,19.134422
Kosa,Poland,52.215933,19.134422
Witt Lowry,United States,39.7837304,-100.445882
Carola,Finland,63.2467777,25.9209164
The Weather Girls,United States,39.7837304,-100.445882
Daria Zawiałow,Poland,52.215933,19.134422
Katrina & The Waves,United Kingdom,54.7023545,-3.2765753
NATTI NATASHA,Dominican Republic,19.0974031,-70.3028026
Marc Anthony,Germany,51.1638175,10.4478313
Juanes,Colombia,4.099917,-72.9088133
Celia Cruz,Cuba,23.0131338,-80.8328748
Miami Sound Machine,United States,39.7837304,-100.445882
Aventura,United States,39.7837304,-100.445882
The Beatles,United Kingdom,54.7023545,-3.2765753
Europe,Sweden,59.6749712,14.5208584
Roy Orbison,United States,39.7837304,-100.445882
Lou Bega,Germany,51.1638175,10.4478313
Dead Or Alive,United Kingdom,54.7023545,-3.2765753
Los Del Rio,Spain,39.3260685,-4.8379791
Marlon Craft,United States,39.7837304,-100.445882
Nas,United States,39.7837304,-100.445882
West,United Kingdom,54.7023545,-3.2765753
Bugzy Malone,United Kingdom,54.7023545,-3.2765753
Dj Decks,Poland,52.215933,19.134422
Ozzy Baby,United Kingdom,54.7023545,-3.2765753
Devin The Dude,Houston,29.7589382,-95.3676974
J-Tek,United Kingdom,54.7023545,-3.2765753
Lucenzo,France,46.603354,1.8883335
Fitz and The Tantrums,United States,39.7837304,-100.445882
Saint Motel,France,46.603354,1.8883335
Oasis,United Kingdom,54.7023545,-3.2765753
The Kinks,United Kingdom,54.7023545,-3.2765753
Black Sabbath,United Kingdom,54.7023545,-3.2765753
A Tribe Called Quest,United States,39.7837304,-100.445882
Loren Allred,United States,39.7837304,-100.445882
Rixton,Manchester,53.4794892,-2.2451148
Plain White T's,United States,39.7837304,-100.445882
Ziv Zaifman,United States,39.7837304,-100.445882
The Mayries,United Kingdom,54.7023545,-3.2765753
The Script,United Kingdom,54.7023545,-3.2765753
Ari Abdul,United States,39.7837304,-100.445882
Monaldin,Kazakhstan,48.1012954,66.7780818
Muppet DJ,Switzerland,46.7985624,8.2319736
Devin Kennedy,Canada,61.0666922,-107.991707
Murray Head,United Kingdom,54.7023545,-3.2765753
Joey Scarbury,United States,39.7837304,-100.445882
Los Lobos,United States,39.7837304,-100.445882
Bonnie Tyler,United Kingdom,54.7023545,-3.2765753
Eddie Murphy,United States,39.7837304,-100.445882
Robyn L,Sweden,59.6749712,14.5208584
Robby Cool,United States,39.7837304,-100.445882
Midnight Oil,Australia,-24.7761086,134.755
Bronski Beat,United Kingdom,54.7023545,-3.2765753
Shocking Blue,Netherlands,52.2434979,5.6343227
Jeremie Albino,Toronto,43.6534817,-79.3839347
Matthew Wilder,United States,39.7837304,-100.445882
Juice Newton,United States,39.7837304,-100.445882
SoFaygo,Atlanta,33.7544657,-84.3898151
Xavier Wulf,Memphis,35.1460249,-90.0517638
Party Favor,Los Angeles,34.0536909,-118.242766
KayCyy,Saint Paul,44.9497487,-93.0931028
Baby Tate,United States,39.7837304,-100.445882
UnoTheActivist,United States,39.7837304,-100.445882
JELEEL!,United States,39.7837304,-100.445882
DJ ACHH,Switzerland,46.7985624,8.2319736
midwxst,Indiana,40.3270127,-86.1746933
Whethan,United States,39.7837304,-100.445882
Liberia Sig,Finland,63.2467777,25.9209164
YN Jay,United States,39.7837304,-100.445882
Ice Spice,United States,39.7837304,-100.445882
L.B. One,France,46.603354,1.8883335
Nardo Wick,United States,39.7837304,-100.445882
Pako,Netherlands,52.2434979,5.6343227
Gruby Mielzky,Poland,52.215933,19.134422
Homixide Gang,United States,39.7837304,-100.445882
Mohead Mike,United Kingdom,54.7023545,-3.2765753
Shy Glizzy,United States,39.7837304,-100.445882
Montana99,United States,39.7837304,-100.445882
Is0kenny,United Kingdom,54.7023545,-3.2765753
Valeria Villas,Cali,3.4519988,-76.5325259
Destiny's Child,United States,39.7837304,-100.445882
Sandra S,Germany,51.1638175,10.4478313
WERSOW,Poland,52.215933,19.134422
Sylwia Grzeszczak,Poland,52.215933,19.134422
Hinol Polska Wersja,Poland,52.215933,19.134422
Kwengface,United Kingdom,54.7023545,-3.2765753
Jann,Canada,61.0666922,-107.991707
Backstreet Boys,United States,39.7837304,-100.445882
Liam Payne,England,52.5310214,-1.2649062
Ari Pulkkinen,Finland,63.2467777,25.9209164
g3ox_em,Romania,45.9852129,24.6859225
C418,Germany,51.1638175,10.4478313
SAYGRACE,Australia,-24.7761086,134.755
PNAU,Australia,-24.7761086,134.755
Marc Benjamin,United Kingdom,54.7023545,-3.2765753
Lonely God,Spain,39.3260685,-4.8379791
Counting Crows,United States,39.7837304,-100.445882
BLANKA,Paris,48.8534951,2.3483915
Superstar Pride,United States,39.7837304,-100.445882
FIFTY FIFTY,South Korea,36.638392,127.6961188
Dzem,Poland,52.215933,19.134422
Daisy Jones & The Six,Los Angeles,34.0536909,-118.242766
Bishop Briggs,United Kingdom,54.7023545,-3.2765753
Cafuné,United States,39.7837304,-100.445882
BoyWithUke,United States,39.7837304,-100.445882
Hugh Jackman,United Kingdom,54.7023545,-3.2765753
Keala Settle,United States,39.7837304,-100.445882
Dominic Cooper,United States,39.7837304,-100.445882
Naomi Scott,United States,39.7837304,-100.445882
Dwayne Johnson,United States,39.7837304,-100.445882
Carolina Gaitán - La Gaita,Colombia,4.099917,-72.9088133
Will Smith,United States,39.7837304,-100.445882
Owl City,United States,39.7837304,-100.445882
Zac Efron,United States,39.7837304,-100.445882
Fun Guns,United States,39.7837304,-100.445882
Josh Dylan,United States,39.7837304,-100.445882
Nathan Lane,Germany,51.1638175,10.4478313
BANNERS,Liverpool,53.4071991,-2.99168
The Bellas,United Kingdom,54.7023545,-3.2765753
Alessia Cara,Canada,61.0666922,-107.991707
Agnieszka Chylińska,Poland,52.215933,19.134422
Grzegorz Hyży,Poland,52.215933,19.134422
Bizarrap,Argentina,-34.9964963,-64.9672817
Roxie Węgiel,Poland,52.215933,19.134422
Sheppard,Australia,-24.7761086,134.755
Ross Lynch,United States,39.7837304,-100.445882
Auli'i Cravalho,United States,39.7837304,-100.445882
FAST BOY,Berlin,52.5173885,13.3951309
Everybody Loves an Outlaw,Texas,31.2638905,-98.5456116
Little Simz,United Kingdom,54.7023545,-3.2765753
M.I.A.,England,52.5310214,-1.2649062
Com Truise,United States,39.7837304,-100.445882
Two Feet,United States,39.7837304,-100.445882
Kehlani,United States,39.7837304,-100.445882
Tai Verdes,United States,39.7837304,-100.445882
Stephen Dawes,United States,39.7837304,-100.445882
vaultboy,Jacksonville,30.3321838,-81.655651
Connor Price,Toronto,43.6534817,-79.3839347
ArEs,Netherlands,52.2434979,5.6343227
GENZIE,Poland,52.215933,19.134422
Lord Huron,United States,39.7837304,-100.445882
Richy Mitch & The Coal Miners,Colorado Springs,38.8339578,-104.825348
Megami,United States,39.7837304,-100.445882
Loreen,Sweden,59.6749712,14.5208584
The Cinematic Orchestra,United Kingdom,54.7023545,-3.2765753
KXLLSWXTCH,Orange County,33.750631,-117.8722311
Mae Stephens,Shrewsbury,52.707755,-2.7540658
Julia Wieniawa,Warsaw,52.2333742,21.0711489
Mrozu,Poland,52.215933,19.134422
Vito Bambino,Poland,52.215933,19.134422
Kamil Bednarek,Poland,52.215933,19.134422
Grubson,Poland,52.215933,19.134422
Honorata Skarbek,Poland,52.215933,19.134422
Brodka,Poland,52.215933,19.134422
Sara James,Germany,51.1638175,10.4478313
Oliver Gigon,Germany,51.1638175,10.4478313
CHASE B,United States,39.7837304,-100.445882
KUTE,Russia,64.6863136,97.7453061
Lor,Kraków,50.0619474,19.9368564
ThxSoMch,Toronto,43.6534817,-79.3839347
t.A.T.u.,Russia,64.6863136,97.7453061
Perfect,Poland,52.215933,19.134422
Jeden Osiem L,Poland,52.215933,19.134422
Joker Out,Slovenia,46.1199444,14.8153333
WaluśKraksaKryzys,Poland,52.215933,19.134422
Aerodrom,Croatia,45.3658443,15.6575209
Matteo Romano,Italy,42.6384261,12.674297
JEREMIAS,Hannover,52.3744779,9.7385532
natori,Texas,31.2638905,-98.5456116
Only The Poets,Reading,51.4514953,-0.9836342
Dutch Melrose,Los Angeles,34.0536909,-118.242766
Ron Sexsmith,Canada,61.0666922,-107.991707
Coolio,United States,39.7837304,-100.445882
Kayah,Poland,52.215933,19.134422
Waka Flocka Flame,United States,39.7837304,-100.445882
Shaggy,Jamaica,18.1850507,-77.3947693
Teriyaki Boyz,Japan,36.5748441,139.2394179
Luciano,Italy,42.6384261,12.674297
Noreaga,United States,39.7837304,-100.445882
Power of Sound,Ireland,52.865196,-7.9794599
Jay Sean,United Kingdom,54.7023545,-3.2765753
Icandy,Florida,27.7567667,-81.4639835
Janelle Monáe,United States,39.7837304,-100.445882
Victoria Monét,United States,39.7837304,-100.445882
Summer Walker,United States,39.7837304,-100.445882
Kaliii,United States,39.7837304,-100.445882
DJ Drama,United States,39.7837304,-100.445882
Masego,United States,39.7837304,-100.445882
Anderson .Paak,United States,39.7837304,-100.445882
OG MarlynMonROLLUP,Brooklyn,40.6526006,-73.9497211
Doechii,United States,39.7837304,-100.445882
Lola Brooke,United States,39.7837304,-100.445882
Thundercat,United States,39.7837304,-100.445882
Jordan Ward,United States,39.7837304,-100.445882
Wizkid,Nigeria,9.6000359,7.9999721
NxWorries,United States,39.7837304,-100.445882
Kanii,United States,39.7837304,-100.445882
Killer Mike,United States,39.7837304,-100.445882
Hailey Knox,United States,39.7837304,-100.445882
Willow Kayne,Bristol,51.4538022,-2.5972985
Azealia Banks,United States,39.7837304,-100.445882
Lay Bankz,United States,39.7837304,-100.445882
Rayana Jay,Richmond,37.5385087,-77.43428
PHABO,Los Angeles,34.0536909,-118.242766
AG Club,United Kingdom,54.7023545,-3.2765753
Remi Wolf,Germany,51.1638175,10.4478313
Ravyn Lenae,United States,39.7837304,-100.445882
Larry June,United States,39.7837304,-100.445882
Barney Bones,United States,39.7837304,-100.445882
Monaleo,Houston,29.7589382,-95.3676974
SahBabii,United States,39.7837304,-100.445882
Odetari,Houston,29.7589382,-95.3676974
The Carters,United Kingdom,54.7023545,-3.2765753
DJ Taj,United States,39.7837304,-100.445882
Che Ecru,United States,39.7837304,-100.445882
Isabel LaRosa,United States,39.7837304,-100.445882
Ochman,Poland,52.215933,19.134422
Faustyna Maciejczuk,Poland,52.215933,19.134422
Anastazja Maciąg,Warsaw,52.2333742,21.0711489
SKUBAS,Poland,52.215933,19.134422
IGNACY,Poland,52.215933,19.134422
Piotr Odoszewski,Poland,52.215933,19.134422
Raro,Japan,36.5748441,139.2394179
Dwa Sławy,Poland,52.215933,19.134422
Dawid Tyszkowski,Poland,52.215933,19.134422
NEIKED,Sweden,59.6749712,14.5208584
Marc E. Bassy,United States,39.7837304,-100.445882
Zeph,Maryland,39.5162401,-76.9382069
Noah Kahan,United States,39.7837304,-100.445882
Mallrat,Australia,-24.7761086,134.755
Tommy Lefroy,United States,39.7837304,-100.445882
Gatlin,United States,39.7837304,-100.445882
Matilda Mann,United Kingdom,54.7023545,-3.2765753
beabadoobee,England,52.5310214,-1.2649062
Maya Manuela,Germany,51.1638175,10.4478313
Daisy Jones,United States,39.7837304,-100.445882
Wasia Project,United Kingdom,54.7023545,-3.2765753
Bess Atwell,Brighton,50.8214626,-0.1400561
Alfie Jukes,United Kingdom,54.7023545,-3.2765753
Savannah Conley,United States,39.7837304,-100.445882
Keaton Henson,United Kingdom,54.7023545,-3.2765753
Jude York,Germany,51.1638175,10.4478313
Laufey,Iceland,64.9841821,-18.1059013
CKay,Nigeria,9.6000359,7.9999721
Rob $tone,Australia,-24.7761086,134.755
BØRNS,United States,39.7837304,-100.445882
KALEO,Iceland,64.9841821,-18.1059013
G Flip,Germany,51.1638175,10.4478313
XG,France,46.603354,1.8883335
The Japanese House,United Kingdom,54.7023545,-3.2765753
Dr. Alban,Sweden,59.6749712,14.5208584
Fools Garden,Germany,51.1638175,10.4478313
Alice Cooper,United States,39.7837304,-100.445882
Jung Kook,South Korea,36.638392,127.6961188
Kevin George,United Kingdom,54.7023545,-3.2765753
KAROL G,Colombia,4.099917,-72.9088133
Justine Skye,Brooklyn,40.6526006,-73.9497211
Crunkz,Köln,50.938361,6.959974
Of Monsters and Men,Iceland,64.9841821,-18.1059013
The Lumineers,United Kingdom,54.7023545,-3.2765753
NBSPLV,Russia,64.6863136,97.7453061
ivri,New York,40.7127281,-74.0060152
Loud Luxury,Canada,61.0666922,-107.991707
2Scratch,Bremen,53.0758196,8.8071646
NewJeans,South Korea,36.638392,127.6961188
ENHYPEN,South Korea,36.638392,127.6961188
BLACKPINK,South Korea,36.638392,127.6961188
cassö,United Kingdom,54.7023545,-3.2765753
Kenya Grace,United Kingdom,54.7023545,-3.2765753
Suki Waterhouse,United Kingdom,54.7023545,-3.2765753
Lizzy McAlpine,Ireland,52.865196,-7.9794599
Peggy Gou,Berlin,52.5173885,13.3951309
New West,United Kingdom,54.7023545,-3.2765753
Niccolò Paganini,Italy,42.6384261,12.674297
Melody Studio,Japan,36.5748441,139.2394179
Blagoje Bersa,Croatia,45.3658443,15.6575209
Erik Satie,France,46.603354,1.8883335
Antonio Vivaldi,Italy,42.6384261,12.674297
Johann Sebastian Bach,Germany,51.1638175,10.4478313
Johannes Brahms,Germany,51.1638175,10.4478313
Polska Wersja,Poland,52.215933,19.134422
juju<3,Japan,36.5748441,139.2394179
Joseph Haydn,Austria,47.59397,14.12456
Hans Zimmer,United States,39.7837304,-100.445882
John Powell,United States,39.7837304,-100.445882
Yehezkel Raz,Israel,30.8124247,34.8594762
Fabrizio Paterlini,Italy,42.6384261,12.674297
Mark Isham,United States,39.7837304,-100.445882
Antonio Pinto,Italy,42.6384261,12.674297
Howard Shore,Canada,61.0666922,-107.991707
Roque Baños,Spain,39.3260685,-4.8379791
Max Richter,United Kingdom,54.7023545,-3.2765753
Jóhann Jóhannsson,Germany,51.1638175,10.4478313
James Heather,Germany,51.1638175,10.4478313
Fernando Velázquez,Spain,39.3260685,-4.8379791
Austin Farwell,California,36.7014631,-118.755997
Jordan Seigel,Los Angeles,34.0536909,-118.242766
James Quinn,Germany,51.1638175,10.4478313
Peter Sandberg,Austria,47.59397,14.12456
Øneheart,Kirsanov,52.654755,42.72496
Jamie Duffy,United Kingdom,54.7023545,-3.2765753
Justin Hurwitz,United States,39.7837304,-100.445882
Joep Beving,Netherlands,52.2434979,5.6343227
pandora.,Sweden,59.6749712,14.5208584
Carlos Rafael Rivera,United States,39.7837304,-100.445882
Dario Marianelli,Italy,42.6384261,12.674297
JENNIE,South Korea,36.638392,127.6961188
Jean Sibelius,Finland,63.2467777,25.9209164
Markus Porsklev,Germany,51.1638175,10.4478313
Soap&Skin,Austria,47.59397,14.12456
L.U.C.,Germany,51.1638175,10.4478313
Poparzeni Kawą Trzy,Poland,52.215933,19.134422
Hurt,United States,39.7837304,-100.445882
Jeremy Zuckerman,United States,39.7837304,-100.445882
ELIJAH AKACHE,London,51.5074456,-0.1277653
Amine Bouhafa,Tunisia,33.8439408,9.400138
Mattia Vlad Morleo,Italy,42.6384261,12.674297
Harry Mousnier,United States,39.7837304,-100.445882
Éric Serra,France,46.603354,1.8883335
Indila,France,46.603354,1.8883335
Thomas Bergersen,Norway,61.1529386,8.7876653
Yann Tiersen,France,46.603354,1.8883335
Bear McCreary,United States,39.7837304,-100.445882
Alexandre Desplat,France,46.603354,1.8883335
Amy Macdonald,United Kingdom,54.7023545,-3.2765753
Klaus Badelt,United States,39.7837304,-100.445882
Rachel Zegler,United States,39.7837304,-100.445882
Flatland Cavalry,United States,39.7837304,-100.445882
Sierra Ferrell,United States,39.7837304,-100.445882
Molly Tuttle,United States,39.7837304,-100.445882
Billy Strings,United States,39.7837304,-100.445882
The Chalkeaters,United Kingdom,54.7023545,-3.2765753
Mortal,United Kingdom,54.7023545,-3.2765753
CeeLo Green,United States,39.7837304,-100.445882
Mykola Dmytrovych Leontovych,United States,39.7837304,-100.445882
Donny Hathaway,United States,39.7837304,-100.445882
Idina Menzel,United States,39.7837304,-100.445882
Czerwone Gitary,Poland,52.215933,19.134422
De Su,United Kingdom,54.7023545,-3.2765753
Skaldowie,Poland,52.215933,19.134422
pik pik,Germany,51.1638175,10.4478313
Kleks,Poland,52.215933,19.134422
Kavinsky,France,46.603354,1.8883335
September,Sweden,59.6749712,14.5208584
GROUPLOVE,United States,39.7837304,-100.445882
Mike Shinoda,United States,39.7837304,-100.445882
Wambo,Puerto Rico,18.2247706,-66.4858295
vapeclub archive,United Kingdom,54.7023545,-3.2765753
F.O.,Papua New Guinea,-5.6816069,144.2489081
Deftones,United States,39.7837304,-100.445882
Pixies,United States,39.7837304,-100.445882
The Black Keys,United States,39.7837304,-100.445882
Natasha Bedingfield,United Kingdom,54.7023545,-3.2765753
Sophie Ellis-Bextor,United Kingdom,54.7023545,-3.2765753
David Bowie,England,52.5310214,-1.2649062
Creedence Clearwater Revival,United States,39.7837304,-100.445882
The Cardigans,Sweden,59.6749712,14.5208584
The Rolling Stones,United Kingdom,54.7023545,-3.2765753
The Doors,United States,39.7837304,-100.445882
hako,London,51.5074456,-0.1277653
mikeeysmind,Sweden,59.6749712,14.5208584
Crystal Castles,Canada,61.0666922,-107.991707
Clams Casino,United States,39.7837304,-100.445882
Wondha Mountain,Mongolia,46.8250388,103.8499736
Shy Smith,United States,39.7837304,-100.445882
Pierce The Veil,United States,39.7837304,-100.445882
Motionless In White,United States,39.7837304,-100.445882
Silverstein,Canada,61.0666922,-107.991707
All Time Low,United States,39.7837304,-100.445882
The Word Alive,United States,39.7837304,-100.445882
Underoath,United States,39.7837304,-100.445882
Fall Out Boy,United States,39.7837304,-100.445882
Nothing But Thieves,United Kingdom,54.7023545,-3.2765753
Foo Fighters,United States,39.7837304,-100.445882
Papa Roach,United States,39.7837304,-100.445882
YABOL,Łódź,51.7687323,19.4569911
Kosjusz,Poland,52.215933,19.134422
The Last Dinner Party,London,51.5074456,-0.1277653
Good Neighbours,United Kingdom,54.7023545,-3.2765753
Yung Bleu,United States,39.7837304,-100.445882
Edward Sharpe & The Magnetic Zeros,United States,39.7837304,-100.445882
The Irrepressibles,United Kingdom,54.7023545,-3.2765753
Madcon,Norway,61.1529386,8.7876653
Manu Chao,France,46.603354,1.8883335
Bill Withers,United States,39.7837304,-100.445882
Sérgio Mendes,Brazil,-10.3333333,-53.2
Aloe Blacc,United States,39.7837304,-100.445882
Chappell Roan,United States,39.7837304,-100.445882
Magic Wons,Japan,36.5748441,139.2394179
D-Bomb,United States,39.7837304,-100.445882
Sylvia Baudelaire,United Kingdom,54.7023545,-3.2765753
blink-182,United States,39.7837304,-100.445882
Tommy Richman,Los Angeles,34.0536909,-118.242766
Jhené Aiko,United States,39.7837304,-100.445882
Ecco2k,Sweden,59.6749712,14.5208584
Journey,United States,39.7837304,-100.445882
Big Cyc,Poland,52.215933,19.134422
Zbigniew Wodecki,Poland,52.215933,19.134422
Budka Suflera,Poland,52.215933,19.134422
Kult,Poland,52.215933,19.134422
Pidżama Porno,Poland,52.215933,19.134422
adaś.,Germany,51.1638175,10.4478313
Natalia Nykiel,Poland,52.215933,19.134422
Bajm,Poland,52.215933,19.134422
K.A.S.A.,Poland,52.215933,19.134422
Robert Gawlinski,Germany,51.1638175,10.4478313
Kazik,Poland,52.215933,19.134422
Rabit,Houston,29.7589382,-95.3676974
Leo!,France,46.603354,1.8883335
Christell,Chile,-31.7613365,-71.3187697
Łydka Grubasa,Poland,52.215933,19.134422
Kombi,Poland,52.215933,19.134422
Obywatel G.C.,Poland,52.215933,19.134422
LP,Los Angeles,34.0536909,-118.242766
Carrie Underwood,United States,39.7837304,-100.445882
Lindy,Canada,61.0666922,-107.991707
Kacper HTA,Myanmar,17.1750495,95.9999652
Alice In Chains,United States,39.7837304,-100.445882
Big Pun,United States,39.7837304,-100.445882
Slim Thug,United States,39.7837304,-100.445882
Louis Armstrong,United States,39.7837304,-100.445882
Redbone,United States,39.7837304,-100.445882
The Chords,United Kingdom,54.7023545,-3.2765753
Jordan Adetunji,Belfast,54.5975805,-5.9277097
Hanumankind,India,22.3511148,78.6677428
Paul Anka,Canada,61.0666922,-107.991707
Alphaville,Germany,51.1638175,10.4478313
The Temptations,United States,39.7837304,-100.445882
The Righteous Brothers,United States,39.7837304,-100.445882
Toploader,United Kingdom,54.7023545,-3.2765753
Caesars,Sweden,59.6749712,14.5208584
Sixpence None The Richer,United States,39.7837304,-100.445882
Natalie Imbruglia,Australia,-24.7761086,134.755
Wheatus,United States,39.7837304,-100.445882
The La's,United Kingdom,54.7023545,-3.2765753
Men At Work,Australia,-24.7761086,134.755
Supergrass,United Kingdom,54.7023545,-3.2765753
Florence + The Machine,England,52.5310214,-1.2649062
Cutting Crew,United Kingdom,54.7023545,-3.2765753
The Cranberries,Ireland,52.865196,-7.9794599
Badger,United Kingdom,54.7023545,-3.2765753
Britney Manson,United States,39.7837304,-100.445882
salute,Manchester,53.4794892,-2.2451148
The Blessed Madonna,United States,39.7837304,-100.445882
Ayesha Erotica,United States,39.7837304,-100.445882
Overmono,London,51.5074456,-0.1277653
Marlon Hoffstadt,Berlin,52.5173885,13.3951309
Aliyah's Interlude,United States,39.7837304,-100.445882
Chase Icon,United States,39.7837304,-100.445882
HARRY WAS HERE,United States,39.7837304,-100.445882
Cybertrash,United States,39.7837304,-100.445882
Chris Miles,United States,39.7837304,-100.445882
Ryan Librada,United States,39.7837304,-100.445882
LISA,Japan,36.5748441,139.2394179
Pantera,Arlington,32.7355816,-97.1071186
Nettspend,United States,39.7837304,-100.445882
Orion Sun,Philadelphia,39.9527237,-75.1635262
Macklemore,United States,39.7837304,-100.445882
Desireless,France,46.603354,1.8883335
SVM!R,United States,39.7837304,-100.445882
Damiano David,England,52.5310214,-1.2649062
Rage Against The Machine,United States,39.7837304,-100.445882
Metallica,United States,39.7837304,-100.445882
Limp Bizkit,United States,39.7837304,-100.445882
Maanam,Poland,52.215933,19.134422
adore,Bergen,60.3943055,5.3259192
Orpheus Chamber Orchestra,United States,39.7837304,-100.445882
David Jolley,England,52.5310214,-1.2649062
MDR Leipzig Radio Chorus,Germany,51.1638175,10.4478313
Arthur Grumiaux,Belgium,50.6402809,4.6667145
Camerata Salzburg,Salzburg,47.7981346,13.0464806
Joshua Bell,United States,39.7837304,-100.445882
Wiener Staatsopernchor,Austria,47.59397,14.12456
James Galway,United Kingdom,54.7023545,-3.2765753
Wiener Mozart Ensemble,Austria,47.59397,14.12456
Géza Anda,Hungary,47.1817585,19.5060937
Lang Lang,China,35.000074,104.999927
Robert Schumann,Germany,51.1638175,10.4478313
Antonín Dvořák,Czechia,49.7439047,15.3381061
Giacomo Puccini,Italy,42.6384261,12.674297
Royal Philharmonic Orchestra,United Kingdom,54.7023545,-3.2765753
Pyotr Ilyich Tchaikovsky,United Kingdom,54.7023545,-3.2765753
Janos Sebestyen,Hungary,47.1817585,19.5060937
Carl Philipp Emanuel Bach,Germany,51.1638175,10.4478313
Edvard Grieg,Norway,61.1529386,8.7876653
Franz Liszt,Hungary,47.1817585,19.5060937
Ignaz Friedman,Poland,52.215933,19.134422
Felix Mendelssohn,Germany,51.1638175,10.4478313
Maurice Ravel,France,46.603354,1.8883335
Léo Delibes,France,46.603354,1.8883335
Stephen Schwartz,United States,39.7837304,-100.445882
Jonathan Bailey,United States,39.7837304,-100.445882
Cynthia Erivo,United Kingdom,54.7023545,-3.2765753
Dasha,United States,39.7837304,-100.445882
Sevdaliza,Netherlands,52.2434979,5.6343227
Mark Ambor,United States,39.7837304,-100.445882
GloRilla,United States,39.7837304,-100.445882
Royel Otis,Sydney,-33.8698439,151.2082848
Chance Peña,United States,39.7837304,-100.445882
Myles Smith,United States,39.7837304,-100.445882
Jessica Keenan Wynn,United States,39.7837304,-100.445882
Christy Altomare,United States,39.7837304,-100.445882
Mike Faist,United States,39.7837304,-100.445882
Kristen Bell,United States,39.7837304,-100.445882
Teddy Swims,United States,39.7837304,-100.445882
TWICE,South Korea,36.638392,127.6961188
ILLIT,South Korea,36.638392,127.6961188
Trzeci Wymiar,Poland,52.215933,19.134422
James Brown & The Famous Flames,United States,39.7837304,-100.445882
Cliff Richard,United Kingdom,54.7023545,-3.2765753
Jon Bon Jovi,United States,39.7837304,-100.445882
The Pogues,United Kingdom,54.7023545,-3.2765753
Eartha Kitt,United States,39.7837304,-100.445882
Blue Cafe,United States,39.7837304,-100.445882
HAŁASTRA,Warsaw,52.2333742,21.0711489
Blue Swede,Sweden,59.6749712,14.5208584
Crowded House,Australia,-24.7761086,134.755
Rupert Holmes,United States,39.7837304,-100.445882
The Daughters Of Eve,United States,39.7837304,-100.445882
The Turtles,United Kingdom,54.7023545,-3.2765753
Etta James,United States,39.7837304,-100.445882
Carl Douglas,United Kingdom,54.7023545,-3.2765753
George Harrison,United Kingdom,54.7023545,-3.2765753
Electric Light Orchestra,United Kingdom,54.7023545,-3.2765753
Simon & Garfunkel,United States,39.7837304,-100.445882
Sam Cooke,United States,39.7837304,-100.445882
Neil Diamond,United States,39.7837304,-100.445882
Four Tops,United States,39.7837304,-100.445882
Looking Glass,United States,39.7837304,-100.445882
Nina Simone,United States,39.7837304,-100.445882
Virginio Aiello,Italy,42.6384261,12.674297
Emile Mosseri,New York,40.7127281,-74.0060152
Alejandro Vargas,Mexico,23.6585116,-102.0077097
Other Nothing,United States,39.7837304,-100.445882
William Ross,United States,39.7837304,-100.445882
Lloyd Vaan,United Kingdom,54.7023545,-3.2765753
Invadable Harmony,[Worldwide],-33.8938107,151.2621478
David Wingo,England,52.5310214,-1.2649062
FrankJavCee,Los Angeles,34.0536909,-118.242766
a vow,Norway,61.1529386,8.7876653
Caleb Arredondo,Oklahoma City,35.4729886,-97.5170536
Nicholas Britell,United States,39.7837304,-100.445882
Gabriel Albuquerqüe,United Kingdom,54.7023545,-3.2765753
Consequence,United States,39.7837304,-100.445882
Sepultura,Brazil,-10.3333333,-53.2
Corrosion Of Conformity,United States,39.7837304,-100.445882
Rammstein,Germany,51.1638175,10.4478313
Guns N' Roses,United States,39.7837304,-100.445882
Iron Maiden,United Kingdom,54.7023545,-3.2765753
Sabaton,Sweden,59.6749712,14.5208584
Jon Bryant,United Kingdom,54.7023545,-3.2765753
Lee Seohui,United States,39.7837304,-100.445882
Crazy Town,United States,39.7837304,-100.445882
Led Zeppelin,United Kingdom,54.7023545,-3.2765753
House Of Pain,United States,39.7837304,-100.445882
Alien Ant Farm,United States,39.7837304,-100.445882
Alex Warren,United Kingdom,54.7023545,-3.2765753
The Fray,United Kingdom,54.7023545,-3.2765753
The Offspring,United States,39.7837304,-100.445882
Soundgarden,United States,39.7837304,-100.445882
Lola Young,Canada,61.0666922,-107.991707
Chezile,Albuquerque,35.0841034,-106.650985
Anna of the North,Oslo,59.9133301,10.7389701
Peter Bjorn and John,Sweden,59.6749712,14.5208584
Eric Prydz,Sweden,59.6749712,14.5208584
Bob Marley & The Wailers,Jamaica,18.1850507,-77.3947693
Chrystal,United Kingdom,54.7023545,-3.2765753
The Fratellis,United Kingdom,54.7023545,-3.2765753
Jet,Australia,-24.7761086,134.755
Ghost,Sweden,59.6749712,14.5208584
Jon Bellion,United States,39.7837304,-100.445882
TURSKI,Poland,52.215933,19.134422
VAE VISTIC,Poland,52.215933,19.134422
Riad,Czechia,49.7439047,15.3381061
Adamsky,Germany,51.1638175,10.4478313
NLT,United States,39.7837304,-100.445882
עודד,Israel,30.8124247,34.8594762
Frosti,Philadelphia,39.9527237,-75.1635262
Glokk40Spaz,United States,39.7837304,-100.445882
Ego,Germany,51.1638175,10.4478313
JAY-K,United Kingdom,54.7023545,-3.2765753
The Rare Occasions,Providence,41.8239891,-71.4128343
Zach Bryan,Canada,61.0666922,-107.991707
KT Tunstall,United Kingdom,54.7023545,-3.2765753
Joe Cocker,United Kingdom,54.7023545,-3.2765753
Kool & The Gang,United States,39.7837304,-100.445882
Jalen Ngonda,Liverpool,53.4071991,-2.99168
Otis Redding,United States,39.7837304,-100.445882
Commodores,United States,39.7837304,-100.445882
Al Green,United States,39.7837304,-100.445882
Radical Face,United States,39.7837304,-100.445882
The Verve,United Kingdom,54.7023545,-3.2765753
Father John Misty,United States,39.7837304,-100.445882
Hilary Incognito,United Kingdom,54.7023545,-3.2765753
X Ambassadors,United States,39.7837304,-100.445882
Asaf Avidan,Israel,30.8124247,34.8594762
Dr. Dog,United States,39.7837304,-100.445882
Bakar,United Kingdom,54.7023545,-3.2765753
WILLIS,United States,39.7837304,-100.445882
88-Keys,United States,39.7837304,-100.445882
Alvaro Soler,Spain,39.3260685,-4.8379791
Ricchi E Poveri,Italy,42.6384261,12.674297
Liquido,Germany,51.1638175,10.4478313
B Jack$,United States,39.7837304,-100.445882
WizTheMc,Lüneburg,53.248706,10.407855
Sexyy Red,United States,39.7837304,-100.445882
"Dream, Ivory",Germany,51.1638175,10.4478313
Alex G,United States,39.7837304,-100.445882
Blood Orange,United Kingdom,54.7023545,-3.2765753
Rainbow Kitten Surprise,North Carolina,35.6729639,-79.0392919
MOLIY,United States,39.7837304,-100.445882
Rasheeda,United States,39.7837304,-100.445882
Joy Again,United Kingdom,54.7023545,-3.2765753
The Marías,United Kingdom,54.7023545,-3.2765753
Imogen Heap,United Kingdom,54.7023545,-3.2765753
Mazzy Star,United States,39.7837304,-100.445882
Pinegrove,United States,39.7837304,-100.445882
Oceana,Germany,51.1638175,10.4478313
Sufjan Stevens,United States,39.7837304,-100.445882
Bon Iver,United States,39.7837304,-100.445882
Paris Paloma,United Kingdom,54.7023545,-3.2765753
Birdy,United Kingdom,54.7023545,-3.2765753
Drowning Pool,United States,39.7837304,-100.445882
Mötley Crüe,United States,39.7837304,-100.445882
Miles Teller,United States,39.7837304,-100.445882
Mungo Jerry,United Kingdom,54.7023545,-3.2765753
Duane Eddy,United States,39.7837304,-100.445882
Louis Prima,United States,39.7837304,-100.445882
Ceechynaa,United Kingdom,54.7023545,-3.2765753
Frou Frou,United Kingdom,54.7023545,-3.2765753
SOPHIE,United Kingdom,54.7023545,-3.2765753
Julie Doiron,Canada,61.0666922,-107.991707
Bitamina,Poland,52.215933,19.134422
VHS,Thunder Bay,48.406414,-89.259796
Jerzy Koczur,Poland,52.215933,19.134422
Damian Sikorski Projekt,Valencia,39.4697065,-0.3763353
LAINA,Spain,39.3260685,-4.8379791
Monday,United States,39.7837304,-100.445882
!BEN,United States,39.7837304,-100.445882
Patryk Parolli,Poland,52.215933,19.134422
cafetrauma,Poland,52.215933,19.134422
YANN,France,46.603354,1.8883335
Bryan,Canada,61.0666922,-107.991707
Cała Góra Barwinków,Poland,52.215933,19.134422
Sebastian Zapała,Germany,51.1638175,10.4478313
Piotr Olszewski,Poland,52.215933,19.134422
Janek Szynal,United Kingdom,54.7023545,-3.2765753
evelina ross,United States,39.7837304,-100.445882
Wiktor Zwierzyński,Poland,52.215933,19.134422
kuba stepek,United Kingdom,54.7023545,-3.2765753
SARGIS,Los Angeles,34.0536909,-118.242766
Bojan,Germany,51.1638175,10.4478313
Rio Romeo,Germany,51.1638175,10.4478313
The Backseat Lovers,United States,39.7837304,-100.445882
Coyote Theory,Orlando,28.5421218,-81.379045
Pink Floyd,England,52.5310214,-1.2649062
Clipse,United States,39.7837304,-100.445882
Horace Gaither,Jamaica,18.1850507,-77.3947693
justicexavier,New Jersey,40.0757384,-74.4041622
Moschino Jones,United States,39.7837304,-100.445882
John Wells,United States,39.7837304,-100.445882
Bedogie i belmondo,Hungary,47.1817585,19.5060937
Wale the Sage,United States,39.7837304,-100.445882
Ray Vaughn,United States,39.7837304,-100.445882
IN PARALLEL,United States,39.7837304,-100.445882
Sammy Virji,United Kingdom,54.7023545,-3.2765753
MK,United States,39.7837304,-100.445882
nimino,United Kingdom,54.7023545,-3.2765753
Luude,Australia,-24.7761086,134.755
BOVSKI,Wien,48.2083537,16.3725042
NOTION,Bristol,51.4538022,-2.5972985
Ozzy Osbourne,United Kingdom,54.7023545,-3.2765753
HUGEL,France,46.603354,1.8883335
JADE,United States,39.7837304,-100.445882
Jaden Bojsen,Germany,51.1638175,10.4478313
FloyyMenor,Chile,-31.7613365,-71.3187697
Jessie Murph,Nashville,36.1622767,-86.7742984
KATSEYE,United States,39.7837304,-100.445882
void,United States,39.7837304,-100.445882
Sidney Polak,United States,39.7837304,-100.445882
Bary,United States,39.7837304,-100.445882
Pawbeats,Bydgoszcz,53.1297127,18.0294488
Strachy Na Lachy,Poland,52.215933,19.134422
Yugopolis,Poland,52.215933,19.134422
Morgan Seatree,Manchester,53.4794892,-2.2451148
Obskür,Ireland,52.865196,-7.9794599
Strn.,Italy,42.6384261,12.674297
LOSTBOYJAY,Toronto,43.6534817,-79.3839347
Tim Sanders,United States,39.7837304,-100.445882
FULLCLIP,Romania,45.9852129,24.6859225
FRIENDZ,Canada,61.0666922,-107.991707
Polak GBP,United Kingdom,54.7023545,-3.2765753
Ten Typ Mes,Poland,52.215933,19.134422
Gimpson,Środa Wielkopolska,52.2284266,17.277827
Rosalie.,United States,39.7837304,-100.445882
GOMBAO 33,Poland,52.215933,19.134422
LIBI NH,United Kingdom,54.7023545,-3.2765753
Jimmy*,Jamaica,18.1850507,-77.3947693
ZEDDY WILL,New York,40.7127281,-74.0060152
Joey Valence & Brae,United States,39.7837304,-100.445882
